Student_ID,Study,Rank_study_group,Age_group,GPA_old_group,Rank_grade_major,Rank_grade_business,Rank_grade_computer,Rank_grade_finance,Rank_grade_total,Major
6,,มัธยมปลาย,27,2.89,2.5,3,3.5,A,A,management
7,ไม่ระบุ,สามัญ,28,3.6,4,1,1,B,C,computer
9,ไม่ระบุ,สามัญ,29,3.2,2,2,2,B,B+,hotel
10,ไม่ระบุ,อาชีวะ,20,3.2,4,1.5,1.5,B,B+,hotel
11,ไม่ระบุ,อาชีวะ,18,3.1,2,1.5,1,D,D,management
12,ไม่ระบุ,,30,3.6,4,3,2.5,B,C,computer
13,ไม่ระบุ,มัธยมปลาย,24,3.8,2,1.5,3,C,B+,hotel
15,ไม่ระบุ,สามัญ,19,3.6,2.5,2,3,C,D+,management
17,ไม่ระบุ,สามัญ,21,2.35,4,2.5,3.5,A,C+,computer
18,ไม่ระบุ,สามัญ,19,2.8,4,1.5,1.5,B,C,computer
21,ไม่ระบุ,อาชีวะ,27,2.8,2.5,2,3.5,C,B+,hotel
22,ไม่ระบุ,อาชีวะ,28,3.7,2.5,3,2.5,D+,D,computer
30,ไม่ระบุ,อาชีวะ,40,2.9,1,3.5,3.5,C,B+,hotel
35,ไม่ระบุ,สามัญ,26,1.9,2.5,3,2.5,D+,D,computer
36,ไม่ระบุ,อาชีวะ,27,2.4,3.5,3,3.5,C,C,computer
37,ไม่ระบุ,สามัญ,28,3.9,2.5,3,3.5,C,B+,hotel
44,ไม่ระบุ,อาชีวะ,30,3.7,2,3,3.5,C,B+,hotel
50,ไม่ระบุ,มัธยมปลาย,29,2.6,2,3,3.5,C,B+,hotel
52,ไม่ระบุ,อาชีวะ,24,3.6,3.5,2,2,B,C,computer
53,ไม่ระบุ,,26,2.35,4,2.5,2.5,D+,B,hotel
54,ไม่ระบุ,สามัญ,27,3.6,3.5,1.5,1.5,B,C,computer
55,ไม่ระบุ,สามัญ,25,3.7,3.5,2,2,B,B+,hotel
58,,อาชีวะ,22,3.8,4,2,2,B,C,computer
65,ไม่ระบุ,สามัญ,23,3.9,2,3.5,2.5,B,C,hotel
66,ไม่ระบุ,อาชีวะ,17,3.6,3.5,3.5,2.5,B,C,computer
74,ไม่ระบุ,อาชีวะ,19,1.9,2.5,3.5,2.5,D+,D+,hotel
78,ไม่ระบุ,อาชีวะ,20,2.4,3.5,2,2,D+,B,hotel
81,ไม่ระบุ,อาชีวะ,23,2.56,2,2,3.5,C,D+,management
83,ไม่ระบุ,สามัญ,27,3.9,2,3.5,3.5,C,B+,hotel
89,ไม่ระบุ,อาชีวะ,29,2.89,3.5,3.5,2.5,B,C,computer
90,ไม่ระบุ,สามัญ,19,2.7,2,1.5,3,B+,A,hotel
92,ไม่ระบุ,สามัญ,30,3.8,3.5,3,3.5,C,B+,computer
97,ไม่ระบุ,,21,3.1,3,3.5,2.5,D+,B,marketing
98,ไม่ระบุ,สามัญ,22,3.6,1.5,2,2,D+,B,hotel
101,ไม่ระบุ,อาชีวะ,18,2.6,3.5,2,2,D+,D,computer
102,ไม่ระบุ,อาชีวะ,17,3.25,1.5,4,2.5,C,D+,computer
103,ไม่ระบุ,อาชีวะ,25,2.8,1.5,3.5,3.5,A,C+,computer
104,ไม่ระบุ,สามัญ,21,2.9,3.5,3.5,3.5,A,A,marketing
107,ไม่ระบุ,สามัญ,18,2.35,1,3,3.5,A,A,hotel
117,ไม่ระบุ,สามัญ,27,3.9,3.5,1.5,1.5,D,B,hotel
119,ไม่ระบุ,อาชีวะ,28,3.6,2,1.5,1.5,D,D,management
124,ไม่ระบุ,สามัญ,21,3.4,3.5,4,2.5,C,D+,management
132,ไม่ระบุ,อาชีวะ,18,2.8,2.5,2,3.5,C,C,hotel
133,ไม่ระบุ,มัธยมปลาย,29,1.75,1.5,3,3.5,C,C,computer
135,ไม่ระบุ,อาชีวะ,26,3.8,4,3,3.5,C,C,marketing
137,,อาชีวะ,27,3.1,2,4,2.5,B+,C,computer
143,,สามัญ,23,3.8,2,3,3.5,A,A,hotel
147,,อาชีวะ,26,2.5,4,3.5,3.5,C,B+,marketing
155,,สามัญ,30,2.45,2,3.5,2.5,D+,B,hotel
156,,สามัญ,19,3.2,2.5,1.5,3,B+,C,management
160,,สามัญ,17,3.9,4,2.5,2.5,B,B+,hotel
161,,สามัญ,21,3.25,2,2,3.5,C,C,management
162,,สามัญ,22,3.15,1,2,3.5,B+,A,hotel
164,,สามัญ,18,4,2,3.5,3.5,C,B+,hotel
167,,สามัญ,27,2.2,2,2.5,3.5,A,A,hotel
170,ไม่ระบุ,อาชีวะ,19,2.9,2.5,3,3.5,C,B+,marketing
174,ไม่ระบุ,สามัญ,30,3.4,2,3.5,2.5,D+,B,hotel
181,ไม่ระบุ,อาชีวะ,24,2.8,2,2.5,3.5,C,B+,hotel
187,ไม่ระบุ,สามัญ,17,2.45,3.5,2.5,3.5,C,C,computer
189,ไม่ระบุ,สามัญ,18,2.35,3.5,3,2.5,D+,D,marketing
190,ไม่ระบุ,สามัญ,18,2.45,2,2,3.5,C,B+,hotel
194,ไม่ระบุ,อาชีวะ,30,3.9,2.5,3,2.5,D+,B,hotel
199,ไม่ระบุ,สามัญ,27,3.25,2.5,3.5,2.5,B,C,computer
202,ไม่ระบุ,อาชีวะ,18,2.56,3.5,2.5,2.5,D+,B,hotel
204,ไม่ระบุ,สามัญ,29,3.8,4,3.5,2.5,D+,D+,computer
205,ไม่ระบุ,อาชีวะ,19,3.25,3,3.5,3.5,C,B+,marketing
209,ไม่ระบุ,สามัญ,27,3,3.5,1.5,1.5,B,C,computer
219,ไม่ระบุ,อาชีวะ,26,3.1,3.5,2,2,D+,B,hotel
220,ไม่ระบุ,สามัญ,18,3,2,2,3,C,D+,management
222,ไม่ระบุ,สามัญ,27,2.5,3.5,2,2,B,B+,hotel
224,ไม่ระบุ,สามัญ,23,3.6,3.5,2,3.5,A,A,hotel
232,ไม่ระบุ,สามัญ,19,4,2,2,2,B,B+,hotel
235,ไม่ระบุ,อาชีวะ,19,2.8,2,3,2.5,B,C,computer
253,ไม่ระบุ,สามัญ,30,3.4,2,3,2.5,B,C,computer
254,ไม่ระบุ,สามัญ,19,2.8,2,2,2,D+,D,hotel
257,ไม่ระบุ,,24,3.25,2.5,2.5,3.5,A,C+,management
258,ไม่ระบุ,อาชีวะ,25,3.5,1.5,3.5,2.5,D+,D+,management
260,ไม่ระบุ,สามัญ,28,3.6,2.5,2,3,C,D+,management
262,ไม่ระบุ,อาชีวะ,21,3.7,3.5,3,3.5,C,B+,marketing
263,ไม่ระบุ,สามัญ,21,3.15,2.5,3.5,2.5,D+,D+,computer
264,ไม่ระบุ,สามัญ,22,3,2,3,3.5,C,B+,computer
267,ไม่ระบุ,อาชีวะ,30,2.35,3.5,2,3.5,C,B+,hotel
270,ไม่ระบุ,สามัญ,26,3.3,4,3.5,2.5,B,C,marketing
272,ไม่ระบุ,สามัญ,27,2.45,2.5,3.5,2.5,B,A,hotel
280,ไม่ระบุ,สามัญ,29,3.9,2,3.5,2.5,D+,D+,computer
283,ไม่ระบุ,อาชีวะ,23,2.8,1.5,3,2.5,D+,B,management
286,ไม่ระบุ,สามัญ,24,2.9,3,3,2.5,D+,D,management
287,ไม่ระบุ,อาชีวะ,18,2.45,4,2.5,2.5,D+,B,hotel
288,ไม่ระบุ,อาชีวะ,28,3,3,3.5,2.5,B,C,computer
293,ไม่ระบุ,อาชีวะ,19,3.5,2.5,4,2.5,B+,A,hotel
295,ไม่ระบุ,สามัญ,21,3.7,4,1.5,3,C,D+,computer
304,ไม่ระบุ,อาชีวะ,25,3.1,2,3.5,3.5,C,B+,hotel
305,ไม่ระบุ,อาชีวะ,19,2.7,3.5,1.5,1,D,D,computer
314,ไม่ระบุ,สามัญ,27,1.9,3.5,3.5,2.5,B,A,marketing
316,ไม่ระบุ,อาชีวะ,25,2.89,3.5,2,3.5,C,C,computer
321,ไม่ระบุ,อาชีวะ,27,3.5,3.5,2,3,C,D+,computer
323,ไม่ระบุ,อาชีวะ,28,2.5,2,3,3.5,A,A,hotel
325,ไม่ระบุ,สามัญ,29,2.7,3.5,1.5,3,B+,C+,hotel
329,ไม่ระบุ,อาชีวะ,26,2.45,1,2.5,3.5,C,C,management
332,ไม่ระบุ,สามัญ,27,3.1,2,3,2.5,D+,D,computer
336,ไม่ระบุ,,21,3.25,3.5,2,1.5,D,D,computer
337,ไม่ระบุ,อาชีวะ,28,2.35,4,3,2.5,B,B+,marketing
342,ไม่ระบุ,มัธยมปลาย,23,2.8,2.5,2,2,D+,D,management
344,ไม่ระบุ,มัธยมปลาย,18,3.8,3.5,4,2.5,B+,A,marketing
351,ไม่ระบุ,มัธยมปลาย,28,3.6,2,2,3.5,C,B+,hotel
354,ไม่ระบุ,มัธยมปลาย,25,3.9,4,3,3.5,C,B+,marketing
355,ไม่ระบุ,มัธยมปลาย,21,3.6,4,2,2,B,C,computer
361,ไม่ระบุ,มัธยมปลาย,23,1.9,3.5,1,3,B+,A,hotel
362,ไม่ระบุ,สามัญ,26,3.7,4,3.5,3.5,C+,B+,marketing
372,ไม่ระบุ,อาชีวะ,29,3.8,1.5,4,3.5,C+,B+,hotel
377,ไม่ระบุ,สามัญ,29,2.89,3.5,3.5,3.5,C,B+,marketing
378,ไม่ระบุ,อาชีวะ,30,3.8,2,2,2,B,C,computer
379,ไม่ระบุ,สามัญ,2,3.9,2,2.5,3.5,C,B+,hotel
381,ไม่ระบุ,สามัญ,26,1.75,2,3,3.5,A,C+,management
389,ไม่ระบุ,,23,2.5,3.5,3.5,3.5,A,C+,computer
393,ไม่ระบุ,อาชีวะ,24,2.7,2,2,3.5,C,B+,hotel
395,ไม่ระบุ,อาชีวะ,29,2.8,2,2.5,2.5,B,C,management
398,ไม่ระบุ,สามัญ,30,3.1,2.5,3.5,3.5,C,C,computer
402,ไม่ระบุ,สามัญ,23,3.6,4,3,2.5,B,C,computer
405,ไม่ระบุ,อาชีวะ,18,3.8,2,2.5,2.5,D+,B,hotel
410,ไม่ระบุ,สามัญ,19,3.9,2.5,3.5,2.5,D+,B,hotel
413,ไม่ระบุ,อาชีวะ,22,3.4,4,3,2.5,B,B+,marketing
416,ไม่ระบุ,อาชีวะ,18,2.2,3,4,3.5,C+,C,computer
417,ไม่ระบุ,อาชีวะ,8,2.8,3,2,3.5,A,A,hotel
420,ไม่ระบุ,อาชีวะ,29,2.4,2.5,3.5,2.5,B,C,computer
423,ไม่ระบุ,สามัญ,20,3.6,4,3.5,3.5,A,C+,computer
429,ไม่ระบุ,สามัญ,23,2.4,1.5,3,2.5,B,C,computer
433,ไม่ระบุ,สามัญ,26,2.9,2,3.5,2.5,D+,D+,computer
434,ไม่ระบุ,สามัญ,27,2.7,2,2.5,2.5,B,B+,hotel
438,ไม่ระบุ,อาชีวะ,17,3.9,3.5,1.5,1.5,D,D,computer
440,ไม่ระบุ,อาชีวะ,18,3.5,2,3,3.5,A,C+,computer
443,ไม่ระบุ,สามัญ,18,3.7,2,2,3.5,A,C+,management
444,ไม่ระบุ,อาชีวะ,21,3,2,2,3.5,C,C,marketing
446,ไม่ระบุ,สามัญ,19,3.4,3.5,2,2,B,B+,hotel
447,ไม่ระบุ,สามัญ,30,3.1,1,4,3.5,C+,C,computer
449,ไม่ระบุ,สามัญ,26,2.7,3.5,3,2.5,B,A,marketing
453,ไม่ระบุ,อาชีวะ,29,3.9,1,2,3.5,C,C,management
456,ไม่ระบุ,สามัญ,30,3.3,1.5,2.5,3.5,C,C,management
459,ไม่ระบุ,อาชีวะ,21,3.9,1,2.5,2.5,B,B+,marketing
462,ไม่ระบุ,อาชีวะ,19,3.3,2,2.5,3.5,A,C+,management
463,ไม่ระบุ,สามัญ,23,2.4,2.5,1.5,1.5,D,B,hotel
468,ไม่ระบุ,อาชีวะ,17,1.75,2,2,3.5,B+,A,hotel
471,ไม่ระบุ,อาชีวะ,8,2.8,2,3.5,2.5,D+,D+,computer
474,ไม่ระบุ,สามัญ,29,2.35,4,3.5,2.5,B,C,computer
476,ไม่ระบุ,สามัญ,22,3.5,1.5,2.5,2.5,D+,D,management
483,ไม่ระบุ,สามัญ,27,3.25,3.5,3,3.5,A,C+,computer
490,ไม่ระบุ,สามัญ,29,3,2,2.5,3.5,C,C,management
493,ไม่ระบุ,อาชีวะ,23,3.6,2,2.5,3.5,A,C+,management
495,ไม่ระบุ,สามัญ,27,3.6,1.5,4,2.5,B+,C,computer
502,ไม่ระบุ,อาชีวะ,30,3.1,3.5,3,2.5,D+,D,computer
504,ไม่ระบุ,สามัญ,18,3.15,1.5,3,2.5,B,A,hotel
506,ไม่ระบุ,สามัญ,21,3.15,3.5,3,2.5,B,A,marketing
507,ไม่ระบุ,อาชีวะ,28,2.89,2,3.5,2.5,B,C,computer
509,ไม่ระบุ,อาชีวะ,18,2.7,3.5,1,3,B+,A,hotel
510,ไม่ระบุ,สามัญ,29,2.8,4,3,2.5,B,B+,marketing
511,ไม่ระบุ,อาชีวะ,22,3.7,2.5,2,2,D+,B,hotel
517,ไม่ระบุ,อาชีวะ,18,3.6,2,2,2,D+,D,management
520,ไม่ระบุ,อาชีวะ,30,3.1,3,2.5,2.5,D+,D,hotel
521,ไม่ระบุ,อาชีวะ,19,3.6,2.5,3,3.5,C,B+,hotel
523,ไม่ระบุ,สายอาชีพ,24,2.6,3.5,2,2,D+,D,marketing
525,ไม่ระบุ,สามัญ,21,3,1,3.5,3.5,A,A,hotel
528,ไม่ระบุ,อาชีวะ,27,3.25,2.5,3.5,2.5,D+,B,hotel
534,ไม่ระบุ,อาชีวะ,19,3.1,4,3.5,2.5,C,D+,computer
536,ไม่ระบุ,อาชีวะ,25,3.9,3.5,1.5,3,C,B+,hotel
538,ไม่ระบุ,สามัญ,22,2.45,2,3,3.5,C,B+,marketing
539,ไม่ระบุ,อาชีวะ,20,3.8,4,1.5,1.5,D,D,computer
541,ไม่ระบุ,อาชีวะ,29,3.9,2.5,2.5,2.5,B,B+,hotel
545,ไม่ระบุ,สามัญ,25,2.9,2,2,1.5,D,D,management
551,ไม่ระบุ,สามัญ,17,2.6,3.5,3.5,2.5,C,D+,computer
554,ไม่ระบุ,สามัญ,21,2.2,4,2,2.5,D+,B,marketing
560,ไม่ระบุ,สามัญ,19,3.8,3,3.5,2.5,D+,B,marketing
562,ไม่ระบุ,อาชีวะ,18,2.45,3.5,2,2,B,B+,hotel
564,ไม่ระบุ,สามัญ,19,2.2,2.5,3.5,2.5,D+,D+,computer
566,ไม่ระบุ,สามัญ,2,2.56,4,3.5,2.5,D+,B,marketing
567,ไม่ระบุ,สามัญ,18,3.6,2,3,2.5,B,C,computer
568,ไม่ระบุ,อาชีวะ,17,3.6,3.5,3,3.5,A,A,marketing
572,ไม่ระบุ,สามัญ,24,2.4,4,1.5,3,C,D+,computer
573,ไม่ระบุ,สามัญ,25,2.7,2.5,3,3.5,C,B+,computer
575,ไม่ระบุ,อาชีวะ,26,2.6,3.5,2,3,C,B+,hotel
576,ไม่ระบุ,อาชีวะ,18,3.7,3.5,3,2.5,D+,D,computer
577,ไม่ระบุ,สามัญ,19,2.4,4,1.5,3,C,B+,hotel
580,ไม่ระบุ,อาชีวะ,22,3.8,3.5,3.5,2.5,B,A,marketing
581,ไม่ระบุ,อาชีวะ,20,2.7,2.5,3.5,3.5,C,C,computer
582,ไม่ระบุ,อาชีวะ,28,2.45,3.5,3.5,3.5,C,C,management
584,ไม่ระบุ,สามัญ,24,3.3,2.5,3,2.5,B,B+,hotel
585,ไม่ระบุ,สามัญ,25,3.9,4,1.5,3,B+,C,computer
586,ไม่ระบุ,อาชีวะ,18,2.89,4,1.5,3,C,D+,computer
589,ไม่ระบุ,สามัญ,21,3.25,3,3.5,2.5,D+,B,marketing
590,ไม่ระบุ,อาชีวะ,22,3.8,4,1.5,1.5,B,C,computer
593,ไม่ระบุ,สามัญ,20,3.1,2,2,2,D+,D,management
594,ไม่ระบุ,สามัญ,23,3.8,2,3,2.5,B,C,computer
597,ไม่ระบุ,อาชีวะ,25,1.75,1,2,3,B+,A,marketing
602,ไม่ระบุ,อาชีวะ,17,1.75,3,2,3,B+,C+,computer
605,ไม่ระบุ,สามัญ,28,3.3,3.5,2,3.5,A,C+,computer
606,ไม่ระบุ,อาชีวะ,24,1.9,2,1.5,1,D,B,hotel
609,ไม่ระบุ,อาชีวะ,30,3.6,2,3,3.5,A,C+,management
613,ไม่ระบุ,สามัญ,26,3.7,1,3,2.5,B,C,computer
614,ไม่ระบุ,สามัญ,21,3,3.5,4,4,A,A,marketing
621,ไม่ระบุ,สามัญ,22,3.1,3.5,2,3.5,B+,C+,computer
622,ไม่ระบุ,สามัญ,30,2.2,2.5,3.5,2.5,D+,D+,computer
627,ไม่ระบุ,สามัญ,27,3.9,3.5,2,3.5,C,C,computer
628,ไม่ระบุ,อาชีวะ,25,3.8,3.5,2,3.5,C,B+,hotel
638,ไม่ระบุ,สามัญ,29,3.8,2,3.5,3.5,C,B+,hotel
652,ไม่ระบุ,อาชีวะ,21,3.5,2,2,2,B,C,management
654,ไม่ระบุ,อาชีวะ,19,2.9,1,1,1,B,B+,hotel
657,ไม่ระบุ,สามัญ,20,2.7,3.5,2.5,3.5,C,B+,hotel
659,ไม่ระบุ,สามัญ,17,3.4,1.5,2,3.5,B+,C+,management
664,ไม่ระบุ,สายอาชีพ,24,3.3,2,1.5,1.5,D,B,hotel
666,ไม่ระบุ,สายอาชีพ,25,3.25,1,3,2.5,B,C,computer
669,ไม่ระบุ,สามัญ,30,3.6,2.5,2.5,3.5,C,B+,hotel
672,ไม่ระบุ,อาชีวะ,22,2.7,2.5,1.5,1.5,B,B+,computer
674,ไม่ระบุ,สามัญ,28,3.7,4,3.5,3.5,C,C,computer
675,ไม่ระบุ,สามัญ,23,3.6,2,1,3,C,D+,management
678,ไม่ระบุ,สามัญ,20,2.4,3,3,3.5,A,C+,computer
679,ไม่ระบุ,อาชีวะ,18,3.3,4,2.5,2.5,D+,B,management
681,ไม่ระบุ,สามัญ,30,1.9,4,1.5,3,C,B+,hotel
683,ไม่ระบุ,สามัญ,19,3.6,4,3.5,3.5,C+,B+,marketing
685,ไม่ระบุ,สามัญ,25,2.6,2.5,4,3.5,A,A,hotel
687,ไม่ระบุ,สามัญ,17,3,2,1.5,3,C,B+,computer
692,ไม่ระบุ,อาชีวะ,21,3.6,3.5,2,2,D+,B,management
695,ไม่ระบุ,สามัญ,29,3.3,4,2,3.5,C,C,computer
698,ไม่ระบุ,สามัญ,23,3.7,4,3.5,3.5,C,C,computer
702,ไม่ระบุ,สามัญ,24,3.1,3.5,3.5,2.5,B,C,computer
703,ไม่ระบุ,สามัญ,20,3.9,3,1.5,1.5,B,B+,hotel
706,ไม่ระบุ,อาชีวะ,19,2.8,3.5,2,3,B+,A,computer
707,ไม่ระบุ,อาชีวะ,27,2.5,1.5,2,2,B,C,management
710,ไม่ระบุ,อาชีวะ,30,3.15,3,4,4,A,A,marketing
715,ไม่ระบุ,อาชีวะ,22,2.45,3.5,4,4,A,C+,computer
724,ไม่ระบุ,สามัญ,27,3.6,2.5,2,2,D+,D,hotel
730,ไม่ระบุ,สามัญ,29,3.6,3.5,2,2,B,B+,hotel
733,ไม่ระบุ,สามัญ,18,2.5,2,1.5,3,B+,A,management
734,ไม่ระบุ,อาชีวะ,23,3.9,4,2,2.5,D+,D,computer
740,ไม่ระบุ,อาชีวะ,27,3.8,3.5,3.5,2.5,B,A,marketing
741,ไม่ระบุ,สามัญ,28,3.9,3.5,2,3.5,C,C,computer
742,ไม่ระบุ,สามัญ,25,3.8,4,2.5,2.5,D+,D,computer
743,ไม่ระบุ,สามัญ,18,3.4,2,2,3,B+,A,marketing
744,ไม่ระบุ,สามัญ,21,3.9,2.5,3.5,2.5,B,A,management
749,ไม่ระบุ,สามัญ,19,2.7,2.5,3,2.5,D+,B,hotel
751,ไม่ระบุ,สายอาชีพ,18,2.6,3.5,1.5,1.5,B,C,computer
753,ไม่ระบุ,อาชีวะ,27,3.7,4,2.5,2.5,B,C,computer
756,ไม่ระบุ,อาชีวะ,28,2.8,3.5,1,3,B+,A,hotel
757,ไม่ระบุ,อาชีวะ,20,3.25,4,3,3.5,C,B+,marketing
759,ไม่ระบุ,อาชีวะ,18,3.15,3.5,3.5,3.5,A,C+,computer
762,ไม่ระบุ,ปวช,25,3.6,3,2.5,2.5,B,B+,hotel
763,ไม่ระบุ,สามัญ,17,2.35,2.5,3.5,3.5,C,B+,management
770,ไม่ระบุ,อาชีวะ,18,3.6,4,2,2.5,D+,D,hotel
771,ไม่ระบุ,ปวช,8,3.6,2.5,3.5,2.5,D+,B,hotel
772,ไม่ระบุ,อาชีวะ,26,2.6,2,3.5,2.5,D+,D+,computer
774,ไม่ระบุ,สามัญ,27,3.6,4,3,3.5,C,C,computer
775,ไม่ระบุ,สามัญ,28,2.45,2,1.5,1,B,C,management
782,ไม่ระบุ,อาชีวะ,19,3.6,2,3.5,2.5,D+,D+,computer
785,ไม่ระบุ,อาชีวะ,18,2.45,4,3,3.5,A,A,marketing
787,ไม่ระบุ,สามัญ,26,2.7,3.5,3.5,2.5,B,A,marketing
788,ไม่ระบุ,อาชีวะ,19,2.2,2,3,3.5,C,B+,hotel
792,ไม่ระบุ,อาชีวะ,29,3.1,2,2,2,D+,D,management
793,ไม่ระบุ,สามัญ,30,3.8,3.5,2.5,3.5,A,C+,computer
794,ไม่ระบุ,สามัญ,26,2.2,2.5,3.5,3.5,A,A,hotel
797,ไม่ระบุ,สามัญ,2,3.7,3,3.5,2.5,D+,B,marketing
801,ไม่ระบุ,สามัญ,29,3.8,1.5,3,2.5,B,C,computer
812,ไม่ระบุ,อาชีวะ,28,2.89,2,3,2.5,B,C,computer
814,ไม่ระบุ,สามัญ,23,3.3,2.5,1.5,3,C,B+,hotel
818,ไม่ระบุ,อาชีวะ,26,3.6,3.5,3,3.5,C,B+,marketing
821,ไม่ระบุ,อาชีวะ,28,3.15,2,3.5,2.5,B,A,hotel
825,ไม่ระบุ,อาชีวะ,19,3.6,2,3.5,3.5,C,C,computer
835,ไม่ระบุ,สามัญ,18,3.8,3.5,2.5,3.5,A,C+,computer
837,ไม่ระบุ,อาชีวะ,29,2.5,1,1.5,3,C,D+,computer
838,ไม่ระบุ,อาชีวะ,30,3.1,2.5,1.5,1.5,D,D,management
839,ไม่ระบุ,อาชีวะ,17,1.75,3.5,3,2.5,B,A,marketing
843,ไม่ระบุ,อาชีวะ,28,3.7,2,2,3.5,A,A,hotel
845,ไม่ระบุ,สามัญ,30,3.8,2,1.5,3,B+,A,hotel
851,ไม่ระบุ,สามัญ,27,2.7,2.5,3.5,3.5,A,C+,marketing
854,ไม่ระบุ,อาชีวะ,29,3.4,2,1.5,1,D,D,management
855,ไม่ระบุ,ปวช,30,2.4,4,3,2.5,D+,D,computer
857,ไม่ระบุ,อาชีวะ,18,2.5,2,3.5,2.5,D+,D+,computer
859,ไม่ระบุ,สามัญ,22,3.6,4,2.5,3.5,A,A,hotel
865,ไม่ระบุ,อาชีวะ,18,3.6,3.5,3.5,2.5,B,C,computer
867,ไม่ระบุ,อาชีวะ,18,2.6,2,2,2,D+,D,management
870,ไม่ระบุ,สามัญ,21,3.1,3,2,3.5,C,B+,hotel
871,ไม่ระบุ,อาชีวะ,18,3.6,2,3.5,2.5,B,C,computer
872,ไม่ระบุ,สามัญ,27,3.8,2.5,3.5,2.5,B,C,computer
876,ไม่ระบุ,อาชีวะ,24,2.7,3.5,3.5,3.5,C,C,computer
878,ไม่ระบุ,สามัญ,19,3.8,1,1.5,1,D,B,hotel
879,ไม่ระบุ,อาชีวะ,29,1.75,3,3,3.5,A,A,marketing
890,ไม่ระบุ,สามัญ,29,3.6,4,2,2,B,C,computer
892,ไม่ระบุ,อาชีวะ,23,3.8,4,2.5,2.5,B,B+,hotel
894,ไม่ระบุ,อาชีวะ,20,3.4,2,2,3,C,D+,management
895,ไม่ระบุ,สามัญ,18,2.45,3.5,3.5,2.5,B,C,computer
896,ไม่ระบุ,สามัญ,17,3.1,2.5,1.5,1.5,B,C,management
898,ไม่ระบุ,อาชีวะ,24,2.4,3.5,3,2.5,B,C,computer
901,ไม่ระบุ,สามัญ,28,2.5,3.5,2,3.5,C,C,computer
902,ไม่ระบุ,สามัญ,25,2.89,4,2,2,B,C,computer
908,ไม่ระบุ,อาชีวะ,27,2.7,2.5,1.5,1.5,B,C,management
909,ไม่ระบุ,สามัญ,8,2.2,2.5,4,3.5,A,A,hotel
911,ไม่ระบุ,สามัญ,20,3.25,2.5,3.5,3.5,A,C+,computer
915,ไม่ระบุ,สามัญ,23,3.1,3.5,3,3.5,A,A,marketing
916,ไม่ระบุ,อาชีวะ,18,2.56,4,1.5,3,C,D+,computer
918,ไม่ระบุ,สามัญ,19,3.15,3,4,4,C+,B+,marketing
919,ไม่ระบุ,อาชีวะ,19,2.4,4,2,3,B+,C+,hotel
921,ไม่ระบุ,สามัญ,26,3.9,3,2,2,D+,D,computer
925,ไม่ระบุ,อาชีวะ,22,2.4,2,2,3.5,B+,C+,management
928,ไม่ระบุ,สามัญ,23,3.25,4,1,1,D,B,hotel
931,ไม่ระบุ,สามัญ,18,3,3.5,2,3.5,C,B+,hotel
932,ไม่ระบุ,อาชีวะ,24,3.15,2,3.5,2.5,D+,D+,computer
933,ไม่ระบุ,สามัญ,25,3,1,2,3,B+,C+,management
935,ไม่ระบุ,สามัญ,21,3.2,4,3,3.5,C,C,computer
938,ไม่ระบุ,อาชีวะ,23,3.6,1.5,1.5,3,B+,C,management
940,ไม่ระบุ,อาชีวะ,25,2.5,2,2,3.5,B+,A,hotel
941,ไม่ระบุ,อาชีวะ,26,2.89,3.5,3,2.5,B,C,computer
942,ไม่ระบุ,อาชีวะ,27,3.6,2,3.5,2.5,D+,B,hotel
944,ไม่ระบุ,สามัญ,28,3.6,3.5,3.5,2.5,D+,B,marketing
949,ไม่ระบุ,อาชีวะ,18,2.8,3.5,2,2,D+,B,management
951,ไม่ระบุ,สามัญ,23,2.7,4,2,2.5,D+,D,computer
952,ไม่ระบุ,สามัญ,19,3.2,3.5,1,3,B+,A,hotel
953,ไม่ระบุ,อาชีวะ,26,2.8,2,1.5,3,C,B+,hotel
961,ไม่ระบุ,ปวช,29,1.9,1,3.5,2.5,D+,D,computer
967,ไม่ระบุ,ปวช,27,3.1,3.5,2,3,B+,C+,computer
970,ไม่ระบุ,อาชีวะ,24,2.9,3,2,2,B,C,computer
975,ไม่ระบุ,สามัญ,17,2.4,3.5,2,2,B,B+,hotel
976,ไม่ระบุ,อาชีวะ,22,3.4,2,2,2,B,B+,hotel
986,ไม่ระบุ,สามัญ,30,1,4,2,3.5,C,C,computer
988,ไม่ระบุ,สามัญ,21,3.25,3.5,3.5,3.5,A,A,marketing
995,ไม่ระบุ,สามัญ,22,3.8,3.5,3,3.5,A,C+,computer
1,กรุงเทพมหานคร,อาชีวะ,18,3,4,3,2.5,B,C,computer
2,กรุงเทพมหานคร,อาชีวะ,26,3,3.5,3,3.5,C,B+,marketing
14,กรุงเทพมหานคร,สามัญ,25,3.9,2.5,3,2.5,D+,D,computer
23,กรุงเทพมหานคร,อาชีวะ,20,2.9,1,3.5,3.5,C,B+,hotel
24,กรุงเทพมหานคร,อาชีวะ,18,2.56,1.5,3.5,3.5,A,A,hotel
25,กรุงเทพมหานคร,สายอาชีพ,22,2.45,3,3.5,2.5,D+,D+,computer
26,กรุงเทพมหานคร,สามัญ,29,3.8,2.5,2,1.5,B,C,management
29,กรุงเทพมหานคร,สามัญ,30,2.8,2,3.5,2.5,B,A,hotel
39,กรุงเทพมหานคร,อาชีวะ,19,4,4,3,3.5,C,B+,marketing
46,กรุงเทพมหานคร,อาชีวะ,19,2.7,3,2,1.5,B,C,computer
48,กรุงเทพมหานคร,สามัญ,27,3.6,3,3.5,2.5,D+,B,marketing
49,กรุงเทพมหานคร,สามัญ,28,2.7,4,3.5,2.5,B,C,computer
51,กรุงเทพมหานคร,สามัญ,30,2.45,2,3.5,2.5,D+,D+,computer
56,กรุงเทพมหานคร,สามัญ,21,2.45,3.5,4,2.5,B+,C,computer
57,กรุงเทพมหานคร,สามัญ,28,3.7,1,1.5,3,B+,A,hotel
60,กรุงเทพมหานคร,อาชีวะ,29,2.45,3,3.5,3.5,C,C,computer
61,กรุงเทพมหานคร,สามัญ,20,1.75,2,4,3.5,C+,B+,hotel
63,กรุงเทพมหานคร,อาชีวะ,30,2.2,3.5,4,4,A,C+,computer
64,กรุงเทพ,อาชีวะ,26,2.7,4,1.5,1.5,B,B+,hotel
69,กรุงเทพมหานคร,อาชีวะ,27,2.56,1,2,3.5,B+,C+,management
71,กรุงเทพมหานคร,อาชีวะ,28,3.4,4,3,2.5,B,C,computer
79,กรุงเทพมหานคร,อาชีวะ,18,3.3,4,3.5,3.5,A,A,hotel
80,กรุงเทพมหานคร,สามัญ,19,2.5,2.5,3.5,3.5,A,C+,computer
82,กรุงเทพมหานคร,อาชีวะ,26,2.4,3.5,3.5,3.5,C,C,computer
84,กรุงเทพมหานคร,อาชีวะ,24,2.4,2,3.5,2.5,B,C,management
88,กรุงเทพมหานคร,สามัญ,22,3.25,4,1.5,3,B+,A,hotel
91,กรุงเทพมหานคร,สามัญ,20,3.6,2.5,3.5,3.5,C,B+,hotel
93,กรุงเทพมหานคร,อาชีวะ,23,2.89,3.5,3.5,2.5,C,B,marketing
95,กรุงเทพ,สามัญ,25,3,4,1.5,1.5,D,D,computer
96,กรุงเทพมหานคร,อาชีวะ,21,3.2,2,1.5,1.5,D,D,management
99,กรุงเทพมหานคร,สามัญ,23,1.75,1,3.5,3.5,C,B+,management
106,กรุงเทพมหานคร,อาชีวะ,18,2.45,2,3,3.5,C,C,computer
109,กรุงเทพมหานคร,อาชีวะ,24,3.7,4,3,3.5,C,B+,marketing
110,กรุงเทพมหานคร,สามัญ,19,3.7,2,4,3.5,A,A,management
111,กรุงเทพมหานคร,สามัญ,20,3.8,4,3.5,2.5,B,C,computer
112,กรุงเทพมหานคร,อาชีวะ,18,2.45,4,4,4,A,C+,computer
114,กรุงเทพมหานคร,อาชีวะ,19,2.2,3.5,2,3.5,C,C,computer
116,กรุงเทพมหานคร,สามัญ,19,2.56,1.5,3,3.5,C,B+,hotel
118,กรุงเทพมหานคร,อาชีวะ,21,2.5,2.5,4,2.5,B+,A,hotel
120,กรุงเทพมหานคร,อาชีวะ,29,3.15,1.5,3.5,3.5,A,A,management
121,กรุงเทพมหานคร,อาชีวะ,30,3.6,2.5,3,2.5,B,B+,hotel
122,กรุงเทพมหานคร,สามัญ,20,2.4,2,2,3,C,B+,hotel
125,กรุงเทพมหานคร,สามัญ,22,2.7,4,2.5,3.5,A,C+,computer
126,กรุงเทพมหานคร,สามัญ,26,3,3.5,1.5,1.5,D,D,computer
127,กรุงเทพมหานคร,อาชีวะ,23,2.6,4,3.5,3.5,A,C+,management
128,กรุงเทพ,สามัญ,24,3.1,2.5,2,3.5,B+,C+,management
129,กรุงเทพฯ,อาชีวะ,27,3.2,3.5,3.5,2.5,D+,D+,computer
130,กรุงเทพมหานคร,อาชีวะ,17,1.75,2,3,3.5,C,C,computer
139,กรุงเทพมหานคร,อาชีวะ,25,2.45,4,2.5,3.5,C,B+,hotel
140,กรุงเทพมหานคร,อาชีวะ,21,3.3,2,2,2,D+,D,management
141,กรุงเทพมหานคร,อาชีวะ,19,1.9,2.5,2,3.5,C,B+,hotel
142,กรุงเทพมหานคร,อาชีวะ,22,2.35,2.5,3.5,3.5,C,B+,hotel
144,กรุงเทพมหานคร,อาชีวะ,29,2.4,2,3.5,3.5,C,C,management
146,กรุงเทพฯ,อาชีวะ,20,2.4,4,3.5,2.5,C,D+,computer
148,กรุงเทพมหานคร,อาชีวะ,18,3,2,3.5,2.5,D+,D+,computer
149,กรุงเทพมหานคร,อาชีวะ,19,2.5,2.5,2,2,B,C,management
151,กรุงเทพมหานคร,สามัญ,27,2.7,2.5,3.5,2.5,D+,B,hotel
153,กรุงเทพมหานคร,สามัญ,28,2.6,2.5,2.5,3.5,C,B+,hotel
157,กรุงเทพมหานคร,อาชีวะ,20,2.7,4,3.5,3.5,C,B+,marketing
163,กรุงเทพมหานคร,อาชีวะ,23,2.56,3.5,3,3.5,A,C+,computer
165,กรุงเทพมหานคร,สามัญ,8,2.8,3.5,3.5,3.5,A,C+,computer
166,กรุงเทพมหานคร,สามัญ,26,2.9,4,1.5,3,B+,C,computer
175,กรุงเทพมหานคร,อาชีวะ,26,2.4,4,2.5,3.5,C,C,computer
177,กรุงเทพมหานคร,สามัญ,18,5,4,2.5,2.5,D+,D,marketing
178,กรุงเทพมหานคร,อาชีวะ,22,3.8,2,3,2.5,B,A,hotel
179,กทม,สามัญ,19,3.4,4,4,4,C+,B+,marketing
186,กทม,สามัญ,18,3.1,2,3,3.5,C,B+,management
188,กทม,อาชีวะ,21,2.89,3.5,2,3.5,B+,A,marketing
191,กทม,สามัญ,28,2.89,1,3.5,2.5,D+,D+,computer
192,กทม,อาชีวะ,29,1.75,3,2.5,2.5,B,C,computer
193,กทม,อาชีวะ,18,3.3,4,2,2,B,C,management
198,กทม,อาชีวะ,21,3.8,2.5,3.5,2.5,D+,D+,computer
200,กทม,อาชีวะ,22,3.6,2.5,2,2,D+,D,management
201,กทม,สามัญ,28,2.8,3.5,3.5,2.5,B,A,marketing
203,กทม,สามัญ,23,1.75,2,3,2.5,B,B+,hotel
208,กรุงเทพมหานคร,สามัญ,24,2.7,4,2,2,B,B+,hotel
212,กรุงเทพมหานคร,อาชีวะ,28,2.4,1.5,2.5,3.5,C,B+,hotel
213,กรุงเทพมหานคร,สามัญ,20,3.15,3.5,3.5,2.5,D+,B,marketing
214,กรุงเทพมหานคร,อาชีวะ,18,2.89,3.5,3,2.5,D+,B,marketing
216,กรุงเทพมหานคร,สามัญ,30,3.2,3.5,2,2,D,B,marketing
218,กรุงเทพมหานคร,สามัญ,17,3.7,3,4,3.5,A,A,marketing
227,กรุงเทพมหานคร,อาชีวะ,18,3.9,2,3.5,2.5,B,A,hotel
229,กรุงเทพมหานคร,สามัญ,25,2.5,4,3,3.5,C,C,hotel
230,กรุงเทพมหานคร,สามัญ,28,2.7,2,3.5,3.5,A,A,hotel
231,กรุงเทพมหานคร,สามัญ,21,3.4,4,2,2.5,B,C,computer
233,กรุงเทพมหานคร,อาชีวะ,21,2.7,4,3.5,3.5,A,A,marketing
236,กรุงเทพฯ,สามัญ,2,3.1,1.5,3,2.5,B,C,computer
240,กรุงเทพมหานคร,อาชีวะ,30,2.8,2.5,3,3.5,C,B+,hotel
243,กรุงเทพมหานคร,สามัญ,24,2.45,1.5,2.5,2.5,B,C,management
246,กรุงเทพมหานคร,อาชีวะ,27,2.7,3.5,2,3.5,C,B+,hotel
247,กรุงเทพมหานคร,สามัญ,28,3.6,3,1.5,1.5,B,B+,hotel
249,กรุงเทพมหานคร,อาชีวะ,29,3.6,3.5,3.5,3.5,A,A,marketing
250,กรุงเทพมหานคร,สามัญ,18,2.7,2.5,3.5,3.5,C,C,computer
252,กรุงเทพมหานคร,อาชีวะ,22,3.3,4,1.5,1.5,D,B,hotel
256,กรุงเทพมหานคร,อาชีวะ,26,3.1,4,2,2,D+,B,hotel
259,กรุงเทพมหานคร,สามัญ,27,2.45,2.5,4,2.5,C,D+,computer
266,กรุงเทพมหานคร,อาชีวะ,23,3.2,2,2.5,2.5,D+,D,management
271,กรุงเทพมหานคร,อาชีวะ,19,3.7,2.5,2,3.5,C,B+,hotel
273,กรุงเทพฯ,สามัญ,19,2.9,3.5,1.5,3,C,B+,hotel
275,กรุงเทพมหานคร,สามัญ,20,3.8,3.5,3.5,3.5,C,B+,management
276,กรุงเทพมหานคร,อาชีวะ,18,3.9,4,2,2.5,D+,B,hotel
278,กรุงเทพมหานคร,สามัญ,28,3.8,4,4,4,A,C+,computer
289,กรุงเทพฯ,สามัญ,25,2.2,3,3,2.5,B,C,computer
290,กรุงเทพมหานคร,อาชีวะ,29,2.56,4,1,3,B+,A,hotel
296,กรุงเทพมหานคร,สามัญ,30,2.4,2.5,3.5,2.5,D+,D+,marketing
300,กรุงเทพมหานคร,อาชีวะ,27,3.2,3.5,2,2,D+,B,hotel
306,กรุงเทพมหานคร,อาชีวะ,29,3.1,1.5,3.5,3.5,C,C,computer
309,กรุงเทพมหานคร,สามัญ,22,3.9,2,2.5,3.5,C,B+,hotel
310,กรุงเทพมหานคร,สามัญ,30,2.8,3.5,3.5,2.5,D+,D+,computer
312,กรุงเทพมหานคร,สามัญ,26,2.8,2,3,2.5,B,C,computer
313,กรุงเทพ,อาชีวะ,24,2.4,2.5,3,3.5,C,C,computer
317,กรุงเทพมหานคร,สามัญ,29,2.9,3.5,2,3.5,C,B+,hotel
318,กรุงเทพมหานคร,อาชีวะ,30,2.7,3.5,4,2.5,C,B+,management
320,กรุงเทพมหานคร,อาชีวะ,26,3.4,4,2.5,2.5,D+,D,computer
322,กรุงเทพมหานคร,อาชีวะ,2,3.4,3.5,1.5,1.5,D,D,computer
326,กรุงเทพมหานคร,อาชีวะ,30,2.6,3.5,3,2.5,B,B+,marketing
328,กรุงเทพมหานคร,สามัญ,18,2.4,1,2.5,2.5,B,B+,hotel
330,กรุงเทพมหานคร,อาชีวะ,18,3.1,2,3.5,2.5,D+,B,hotel
331,กรุงเทพมหานคร,อาชีวะ,18,3.6,3,3.5,3.5,A,C+,computer
333,กรุงเทพมหานคร,สามัญ,19,2.89,1.5,2,2,D+,B,hotel
335,กรุงเทพมหานคร,สามัญ,18,2.8,3.5,3,2.5,B,C,computer
340,กรุงเทพมหานคร,อาชีวะ,19,3.7,2,2,2,D+,B,hotel
343,กรุงเทพมหานคร,สามัญ,20,3.25,4,2,2,D+,B,hotel
348,กรุงเทพมหานคร,สามัญ,26,2.45,4,3,2.5,B,C,computer
349,กรุงเทพมหานคร,สามัญ,8,2.5,3.5,2.5,3.5,A,A,hotel
350,กรุงเทพมหานคร,อาชีวะ,27,3.25,4,3.5,3.5,A,C+,computer
357,กรุงเทพมหานคร,อาชีวะ,22,3.6,3,3.5,2.5,D+,B,marketing
359,กรุงเทพมหานคร,สามัญ,30,3.6,1,3.5,3.5,C,C,computer
360,กรุงเทพมหานคร,สามัญ,18,3.9,3.5,1,1,B,C,computer
365,กรุงเทพมหานคร,อาชีวะ,28,2.4,3,3,2.5,B,B+,marketing
367,กรุงเทพมหานคร,อาชีวะ,19,2.7,3.5,2,3.5,B+,C+,computer
369,กรุงเทพมหานคร,อาชีวะ,21,3.1,2.5,2,3.5,C,C,management
370,กรุงเทพมหานคร,อาชีวะ,22,2.4,2,2,3.5,B+,C+,management
373,กรุงเทพมหานคร,อาชีวะ,23,2.8,4,3,3.5,A,A,marketing
374,กรุงเทพมหานคร,สามัญ,30,3.15,2.5,2.5,2.5,B,B+,hotel
376,กรุงเทพมหานคร,สามัญ,28,3,2.5,2.5,3.5,A,A,hotel
383,กทม,สามัญ,24,3.8,3.5,2,3.5,C,B+,hotel
387,กทม,สามัญ,22,3.8,3.5,1.5,1.5,D,D,computer
388,กทม,สามัญ,18,3.6,1.5,2.5,2.5,B,B+,hotel
390,กทม,อาชีวะ,28,3.9,2.5,3.5,2.5,D+,B,hotel
392,กทม,อาชีวะ,18,2.35,4,3.5,3.5,A,C+,marketing
396,กทม,อาชีวะ,25,3.8,3.5,1.5,1.5,D,B,hotel
399,กทม,อาชีวะ,21,2.6,4,1.5,1.5,D,B,hotel
400,กรุงเทพมหานคร,อาชีวะ,22,3.6,3.5,3,2.5,D+,B,marketing
401,กรุงเทพมหานคร,อาชีวะ,26,1.9,3.5,2,2,B,C,computer
403,กรุงเทพมหานคร,สามัญ,20,3.2,2.5,2,2,D+,B,hotel
409,กรุงเทพมหานคร,สามัญ,21,3.7,4,3.5,2.5,B,C,computer
412,กรุงเทพมหานคร,อาชีวะ,18,3.8,3.5,3.5,3.5,C,C,computer
414,กรุงเทพมหานคร,สามัญ,23,3.1,1,3.5,3.5,A,C+,computer
415,กรุงเทพมหานคร,อาชีวะ,17,3.8,4,1.5,3,C,D+,computer
418,กรุงเทพมหานคร,สามัญ,28,3.6,2.5,2,3.5,C,B+,hotel
419,กรุงเทพมหานคร,สามัญ,24,3.3,4,3,3.5,A,A,hotel
421,กรุงเทพมหานคร,สามัญ,19,2.9,2,3,2.5,D+,D,marketing
422,กรุงเทพมหานคร,อาชีวะ,25,2.45,3,1.5,1.5,B,B+,hotel
427,กรุงเทพมหานคร,อาชีวะ,22,3.25,1.5,1,3,B+,A,hotel
437,กรุงเทพ,สามัญ,18,2.7,3.5,3.5,2.5,D+,D+,computer
445,กรุงเทพมหานคร,สามัญ,22,3.8,2,3.5,3.5,A,C+,marketing
448,กรุงเทพมหานคร,อาชีวะ,23,1.75,2,3.5,2.5,D+,D+,computer
455,กรุงเทพมหานคร,อาชีวะ,24,3.2,3.5,3.5,2.5,D+,D+,computer
457,กรุงเทพมหานคร,สามัญ,19,3.6,3.5,2,1.5,B,B+,hotel
458,กรุงเทพมหานคร,อาชีวะ,25,2.8,2,2,2,B,B+,hotel
461,กรุงเทพ,สามัญ,22,1.9,2.5,1.5,1.5,B,C,management
464,กรุงเทพมหานคร,อาชีวะ,24,2.8,2.5,3.5,3.5,C,B+,hotel
466,กรุงเทพมหานคร,สามัญ,26,3.8,4,1.5,3,C,B+,hotel
467,กรุงเทพมหานคร,สามัญ,18,3.6,1,3,2.5,B,B+,hotel
469,กรุงเทพมหานคร,สามัญ,25,2.9,3.5,2,1.5,D,D,computer
472,กรุงเทพมหานคร,อาชีวะ,27,3.8,3,1.5,3,B+,A,computer
473,กรุงเทพมหานคร,อาชีวะ,28,2.6,3.5,3,2.5,D+,B,marketing
479,กรุงเทพมหานคร,อาชีวะ,19,3.7,3.5,2,3.5,C,C,management
480,กรุงเทพมหานคร,อาชีวะ,26,2.2,4,3.5,3.5,C+,B+,management
482,กรุงเทพมหานคร,อาชีวะ,25,3.1,2.5,3.5,2.5,D+,D+,computer
485,กรุงเทพมหานคร,สามัญ,21,3.6,4,3.5,3.5,C+,B+,marketing
487,กรุงเทพมหานคร,อาชีวะ,28,3.15,3.5,2.5,3.5,C,C,computer
488,กรุงเทพมหานคร,อาชีวะ,18,3.9,2,1,1,B,B+,hotel
489,กรุงเทพมหานคร,สามัญ,22,3.3,2,4,3.5,A,A,hotel
492,กรุงเทพมหานคร,อาชีวะ,19,3.8,3.5,3,3.5,A,A,marketing
496,กรุงเทพมหานคร,อาชีวะ,24,3.25,2,1.5,1.5,B,C,hotel
498,กรุงเทพมหานคร,อาชีวะ,19,1.9,1,3.5,3.5,A,A,hotel
500,กรุงเทพ,สามัญ,28,3.6,2,2.5,2.5,D+,D,management
503,กรุงเทพมหานคร,อาชีวะ,26,2.56,2,2,3.5,B+,A,hotel
508,กรุงเทพมหานคร,สามัญ,17,2.5,2,4,2.5,B+,A,hotel
514,กรุงเทพมหานคร,สามัญ,23,3.8,2.5,3,2.5,D+,D,computer
518,กรุงเทพมหานคร,สามัญ,28,3.4,4,3.5,3.5,C,C,computer
524,กรุงเทพมหานคร,อาชีวะ,25,3.9,2.5,3,3.5,C,B+,hotel
527,กรุงเทพ,สามัญ,26,3.3,2.5,2,2,D+,D,management
529,กรุงเทพมหานคร,สามัญ,18,3,2,2.5,2.5,B,C,management
530,กรุงเทพมหานคร,อาชีวะ,22,3.8,3,2,3,B+,A,hotel
531,กรุงเทพมหานคร,สามัญ,28,3.15,3.5,3,3.5,C,C,management
537,กรุงเทพมหานคร,อาชีวะ,21,2.35,4,3.5,3.5,C,B+,marketing
540,กรุงเทพมหานคร,อาชีวะ,23,2.8,4,2,3.5,A,A,hotel
542,กรุงเทพมหานคร,อาชีวะ,24,3.6,3.5,4,4,A,C+,computer
543,กรุงเทพมหานคร,อาชีวะ,30,2.8,3,1.5,3,B+,A,management
544,กรุงเทพมหานคร,อาชีวะ,26,1.9,1.5,4,3.5,C+,B+,hotel
546,กรุงเทพมหานคร,อาชีวะ,18,3.9,4,3,3.5,A,A,marketing
547,กรุงเทพมหานคร,สามัญ,27,3,2,3.5,2.5,D+,B,hotel
548,กรุงเทพมหานคร,สามัญ,28,2.4,3.5,4,4,C+,C,computer
549,กรุงเทพมหานคร,สามัญ,29,3.2,3.5,2,3.5,B+,C+,computer
552,กรุงเทพมหานคร,สามัญ,30,3.1,2,4,2.5,C,B+,hotel
553,กรุงเทพมหานคร,สามัญ,26,2.5,3.5,3.5,3.5,A,A,marketing
555,กรุงเทพมหานคร,สามัญ,27,2.8,1,2,2,D+,D,management
561,กรุงเทพมหานคร,สามัญ,20,2.8,2,2.5,3.5,C,B+,hotel
563,กรุงเทพมหานคร,อาชีวะ,19,3.8,2.5,1.5,3,B+,C,management
569,กรุงเทพมหานคร,อาชีวะ,29,3.5,2.5,3.5,3.5,A,A,hotel
570,กรุงเทพมหานคร,อาชีวะ,30,2.9,4,3,3.5,C,B+,marketing
571,กรุงเทพมหานคร,สามัญ,18,3.6,2,3.5,2.5,B,A,hotel
578,กรุงเทพมหานคร,อาชีวะ,27,2.7,1.5,2,3.5,B+,C+,management
579,กรุงเทพมหานคร,สามัญ,21,3.4,4,3,2.5,D+,D,computer
588,กรุงเทพมหานคร,อาชีวะ,29,3.4,2,3.5,2.5,D+,B,hotel
591,กรุงเทพมหานคร,สามัญ,19,3.4,2.5,2,3.5,B+,C+,management
596,กรุงเทพมหานคร,อาชีวะ,24,3.6,1,3.5,3.5,A,A,management
598,กรุงเทพมหานคร,สามัญ,30,3.7,3.5,2,1.5,D,D,computer
599,กรุงเทพมหานคร,อาชีวะ,26,2.35,4,3.5,2.5,D+,B,marketing
603,กรุงเทพมหานคร,สามัญ,23,3.6,1.5,3,2.5,D+,B,hotel
610,กรุงเทพมหานคร,สามัญ,8,2.8,2.5,3.5,2.5,B,A,marketing
611,กรุงเทพมหานคร,อาชีวะ,25,3.6,4,2,2,B,B+,computer
612,กรุงเทพมหานคร,สามัญ,19,3.5,4,3.5,3.5,C,C,computer
615,กรุงเทพ,อาชีวะ,27,3.25,2.5,3.5,2.5,D+,D+,computer
617,กรุงเทพมหานคร,อาชีวะ,21,3.2,3.5,2,3.5,B+,A,hotel
618,กรุงเทพมหานคร,สามัญ,28,2.45,2,3.5,2.5,B,C,computer
619,กรุงเทพมหานคร,สามัญ,29,3.15,2.5,3,2.5,D+,D,computer
620,กรุงเทพมหานคร,สามัญ,18,2.4,3.5,3.5,3.5,A,A,marketing
623,กรุงเทพมหานคร,อาชีวะ,23,2.8,2,1.5,3,B+,C,management
626,กรุงเทพ,อาชีวะ,26,3.8,1.5,3,2.5,B,B+,hotel
630,กรุงเทพมหานคร,สามัญ,21,2.9,3.5,2,2,B,C,computer
632,กรุงเทพมหานคร,อาชีวะ,28,2.56,2.5,2,3.5,A,C+,marketing
641,กรุงเทพมหานคร,สามัญ,26,3.2,2,2,2,D+,B,hotel
642,กรุงเทพมหานคร,อาชีวะ,18,3.2,3.5,3,3.5,A,A,marketing
644,กรุงเทพมหานคร,อาชีวะ,25,2.5,3.5,2,1.5,D,B,hotel
645,กรุงเทพ,อาชีวะ,19,2.45,4,3.5,3.5,A,A,hotel
646,กรุงเทพมหานคร,อาชีวะ,20,2.35,2,2,1.5,D,D,management
649,กรุงเทพมหานคร,อาชีวะ,21,3.4,4,2.5,2.5,D+,B,hotel
650,กรุงเทพ,อาชีวะ,28,3.9,2,3,3.5,C,C,computer
653,กรุงเทพมหานคร,อาชีวะ,19,2.45,4,3.5,3.5,A,C+,marketing
656,กรุงเทพมหานคร,อาชีวะ,30,2.89,2,2,3.5,C,B+,hotel
658,กรุงเทพ,สามัญ,18,3.7,1,3,2.5,B,B+,computer
661,กรุงเทพ,สามัญ,23,3.7,3.5,3.5,2.5,D+,D+,computer
662,กรุงเทพ,สามัญ,26,1.75,2,4,3.5,C+,B+,hotel
665,กรุงเทพ,อาชีวะ,28,2.8,2,3,3.5,A,A,hotel
667,กรุงเทพ,สามัญ,21,3.15,1.5,2,3,C,D+,management
668,กรุงเทพ,สามัญ,29,3.6,3.5,2,2,D+,D,computer
673,กรุงเทพ,สามัญ,27,2.7,1,3,3.5,C,C,computer
686,กรุงเทพ,สามัญ,18,3.15,4,2.5,2.5,D+,D,marketing
690,กรุงเทพ,อาชีวะ,21,2.45,3.5,1.5,1.5,D,B,hotel
691,กรุงเทพมหานคร,สามัญ,27,2.4,1,1,1,B,C,management
699,กรุงเทพมหานคร,อาชีวะ,30,3.9,4,3.5,2.5,B,A,marketing
708,กรุงเทพ,อาชีวะ,28,2.7,3,1.5,3,B+,A,hotel
712,กรุงเทพมหานคร,สามัญ,20,3.8,2,3.5,2.5,D+,D+,computer
713,กรุงเทพมหานคร,สามัญ,21,2.35,3.5,3.5,2.5,D+,D+,computer
714,กรุงเทพมหานคร,อาชีวะ,18,3.9,3.5,2,1.5,B,B+,hotel
716,กรุงเทพมหานคร,อาชีวะ,17,1.9,2,3,3.5,A,A,hotel
719,กรุงเทพ,สามัญ,18,3.6,2.5,2,3,B+,A,computer
720,กรุงเทพมหานคร,อาชีวะ,24,3.8,2.5,3,3.5,C,B+,hotel
721,กรุงเทพมหานคร,อาชีวะ,8,3.6,3.5,2,3.5,B+,A,hotel
723,กรุงเทพมหานคร,สามัญ,19,2.8,2.5,4,3.5,C+,B+,hotel
725,กรุงเทพมหานคร,สามัญ,28,3.6,2,2,3.5,A,A,hotel
726,กรุงเทพมหานคร,สามัญ,20,3.7,3.5,2,2,B,C,computer
729,กรุงเทพมหานคร,สามัญ,19,2.4,3.5,3,2.5,B,C,computer
736,กรุงเทพมหานคร,สามัญ,17,3.9,3.5,4,2.5,C,B+,hotel
739,กรุงเทพมหานคร,สามัญ,24,3.1,2,1.5,3,C,B+,hotel
748,กรุงเทพมหานคร,อาชีวะ,30,3.1,2.5,3,3.5,C,C,management
750,กรุงเทพมหานคร,สามัญ,20,3.8,4,2,2,D+,D,computer
754,กรุงเทพมหานคร,สามัญ,19,3.3,3.5,3,3.5,A,C+,computer
755,กรุงเทพมหานคร,สามัญ,19,2.45,2.5,1.5,3,C,B+,hotel
758,กรุงเทพมหานคร,อาชีวะ,23,3.6,2.5,3.5,3.5,C,C,computer
766,กรุงเทพมหานคร,สามัญ,21,3.8,2,3.5,2.5,B,A,management
767,กรุงเทพมหานคร,อาชีวะ,22,2.4,4,3.5,3.5,C,C,computer
769,กรุงเทพมหานคร,อาชีวะ,24,3.8,1.5,3.5,2.5,D+,B,hotel
773,กรุงเทพมหานคร,สามัญ,25,2.89,2,3.5,3.5,C,C,computer
778,กรุงเทพมหานคร,สามัญ,23,3.6,2,3.5,3.5,A,A,hotel
779,กทม,สามัญ,24,2.8,1,1.5,3,C,B+,hotel
783,กรุงเทพมหานคร,อาชีวะ,25,1.9,1.5,3.5,2.5,B,A,hotel
784,กรุงเทพมหานคร,สามัญ,20,3,4,2,3.5,C,C,marketing
789,กรุงเทพมหานคร,อาชีวะ,27,3.7,3,2.5,2.5,D+,B,hotel
790,กทม,สามัญ,28,3.4,2,3.5,2.5,D+,B,hotel
796,กรุงเทพมหานคร,สามัญ,27,3.9,1,1,3,C,D+,management
799,กรุงเทพมหานคร,สามัญ,28,3.3,1,1.5,1,D,D,computer
800,กรุงเทพมหานคร,สามัญ,23,3.6,3.5,2.5,2.5,D+,B,hotel
802,กรุงเทพ,อาชีวะ,17,3.8,2,3.5,3.5,C,C,computer
804,กรุงเทพ,อาชีวะ,24,2.5,3,1.5,3,B+,A,hotel
805,กรุงเทพ,สามัญ,26,2.56,2.5,2,1.5,B,C,computer
806,กรุงเทพ,อาชีวะ,18,2.4,4,3.5,2.5,D+,D+,management
807,กรุงเทพ,สามัญ,25,2.7,2,1.5,3,C,B+,hotel
810,กรุงเทพ,สามัญ,18,3.9,1,3.5,3.5,C,C,computer
811,กรุงเทพ,อาชีวะ,22,3.7,4,3.5,3.5,C,C,computer
813,กรุงเทพ,สามัญ,18,3.5,3.5,2.5,2.5,D+,B,marketing
815,กรุงเทพ,อาชีวะ,29,1.75,4,3.5,3.5,C,C,computer
817,กรุงเทพ,อาชีวะ,19,3.1,1.5,1.5,1,D,D,management
823,กรุงเทพ,อาชีวะ,18,3.7,1.5,4,3.5,A,A,computer
824,กรุงเทพ,สามัญ,24,3.8,2.5,3.5,2.5,D+,B,hotel
826,กรุงเทพ,อาชีวะ,25,3.9,3.5,3.5,3.5,C,B+,marketing
827,กรุงเทพมหานคร,สามัญ,30,3,3.5,3.5,2.5,B,C,computer
828,กรุงเทพมหานคร,อาชีวะ,26,3.6,3.5,3,3.5,A,A,hotel
830,กรุงเทพมหานคร,สามัญ,27,2.4,4,1.5,3,B+,C+,management
832,กรุงเทพมหานคร,อาชีวะ,28,3.2,2,2,3,B+,A,computer
836,กรุงเทพมหานคร,สามัญ,22,2.45,2.5,3.5,2.5,D+,D+,computer
842,กรุงเทพมหานคร,อาชีวะ,27,2.7,4,2,2,B,B+,hotel
844,กรุงเทพมหานคร,สามัญ,29,2.9,4,2,3.5,A,C+,computer
848,กรุงเทพมหานคร,อาชีวะ,24,3.5,2.5,4,3.5,C+,B+,hotel
849,กรุงเทพมหานคร,สามัญ,8,1.9,1,3,2.5,D+,D,computer
850,กรุงเทพมหานคร,สามัญ,25,3,2.5,3,2.5,B,C,computer
853,กรุงเทพมหานคร,อาชีวะ,28,2.6,1.5,3,2.5,B,B+,hotel
863,กรุงเทพมหานคร,อาชีวะ,19,3.8,2.5,2,3,B+,A,hotel
868,กทม,สามัญ,24,2.2,3.5,2,1.5,D,B,hotel
873,กทม,อาชีวะ,21,2.8,3.5,3.5,3.5,A,A,hotel
880,กทม,อาชีวะ,30,3.8,4,2.5,3.5,A,C+,computer
883,กทม,อาชีวะ,20,2.45,3.5,1.5,3,B+,C,computer
885,กทม,สามัญ,18,2.9,4,3.5,3.5,A,C+,computer
891,กทม,สามัญ,30,2.4,3.5,2,3.5,A,A,hotel
899,กทม,อาชีวะ,18,3.3,2.5,3.5,2.5,D+,B,hotel
900,กทม,สามัญ,27,3.3,4,3.5,2.5,B,A,marketing
907,กทม,สามัญ,21,2.8,2.5,2,2,B,C,management
910,กรุงเทพมหานคร,อาชีวะ,19,3.9,4,3.5,3.5,C,B+,management
912,กรุงเทพมหานคร,สามัญ,28,3.15,3,4,4,A,C+,computer
917,กรุงเทพมหานคร,สามัญ,30,3,3.5,1.5,3,C,B+,computer
920,กรุงเทพ,สามัญ,24,1.9,2.5,3.5,3.5,A,C+,computer
922,กรุงเทพ,สามัญ,25,3.3,4,2,2,D+,D,computer
923,กรุงเทพ,สามัญ,21,3.8,1,2,2,B,C,hotel
924,กรุงเทพ,สามัญ,27,3.8,1,2,2,D+,B,hotel
930,กรุงเทพ,สามัญ,28,3.8,1.5,1.5,1,D,B,hotel
936,กรุงเทพ,สามัญ,21,3.9,3,3,2.5,D+,B,marketing
937,กรุงเทพ,สามัญ,30,2.4,2.5,3,2.5,B,C,computer
945,กรุงเทพ,สามัญ,20,3.6,3,2.5,2.5,B,C,computer
946,กรุงเทพ,สามัญ,21,3.6,2,1.5,1.5,B,C,management
948,กรุงเทพ,อาชีวะ,30,1.75,2,3,3.5,C,B+,computer
950,กรุงเทพ,สามัญ,22,3.7,3.5,3,3.5,C,B+,marketing
954,กรุงเทพ,สามัญ,27,3.7,2,1.5,3,B+,A,hotel
955,กรุงเทพ,สามัญ,24,2.8,2,3.5,3.5,C,B+,hotel
958,กรุงเทพ,สามัญ,21,2.45,3,2,2,B,B+,hotel
966,กรุงเทพ,อาชีวะ,18,1.9,2.5,2,3.5,C,B+,marketing
968,กรุงเทพ,สามัญ,28,2.8,1.5,2,1.5,D,D,management
977,กรุงเทพ,สามัญ,23,3.1,2.5,4,2.5,B+,A,computer
983,กรุงเทพมหานคร,สามัญ,21,3.3,2.5,2,2,D+,B,hotel
984,กรุงเทพมหานคร,อาชีวะ,29,2.6,2,3,3.5,C,C,computer
985,กรุงเทพมหานคร,สามัญ,18,2.8,3.5,2,2.5,D+,D,management
989,กรุงเทพมหานคร,สามัญ,27,3.6,3.5,3,3.5,C,C,computer
990,กรุงเทพมหานคร,สามัญ,20,2.9,3.5,3.5,2.5,C,D+,computer
991,กรุงเทพมหานคร,อาชีวะ,22,2.4,3.5,3,3.5,A,C+,computer
992,กรุงเทพมหานคร,อาชีวะ,28,0.2,2,3.5,3.5,C,B+,hotel
997,กรุงเทพมหานคร,อาชีวะ,30,3.4,2.5,2,2,B,C,management
998,กรุงเทพมหานคร,อาชีวะ,23,3.15,2.5,3.5,2.5,B,A,hotel
999,กรุงเทพมหานคร,สามัญ,19,2.7,3.5,4,2.5,C,B+,marketing
3,ต่างจังหวัด,อาชีวะ,21,3.7,3.5,3.5,2.5,C,B,management
4,ต่างจังหวัด,สามัญ,19,2.2,1,1.5,3,B+,C,management
5,ต่างจังหวัด,อาชีวะ,22,2.6,4,3.5,3.5,A,C+,computer
8,ต่างจังหวัด,อาชีวะ,23,2.45,4,3.5,3.5,C,C,hotel
16,ต่างจังหวัด,อาชีวะ,40,3.1,3.5,1.5,3,B+,C,computer
19,ต่างจังหวัด,สามัญ,41,1.75,3.5,2,2,B,B+,hotel
20,ต่างจังหวัด,สามัญ,26,3.6,4,2,2.5,B,B+,hotel
27,ต่างจังหวัด,อาชีวะ,17,3.7,3,2.5,2.5,D+,B,hotel
28,ต่างจังหวัด,อาชีวะ,23,2.7,2,3.5,3.5,A,C+,computer
31,ต่างจังหวัด,อาชีวะ,24,3.5,2.5,3,2.5,B,B+,hotel
32,ต่างจังหวัด,สามัญ,25,3.4,4,3.5,2.5,D+,D+,computer
33,ต่างจังหวัด,อาชีวะ,18,3.8,3.5,2.5,2.5,D+,B,hotel
34,ต่างจังหวัด,อาชีวะ,21,2.35,3.5,3.5,3.5,C,C,computer
38,ต่างจังหวัด,อาชีวะ,18,3.9,3.5,3,3.5,C,C,computer
40,ต่างจังหวัด,อาชีวะ,29,3.5,2,3,3.5,C,B+,hotel
41,ต่างจังหวัด,สามัญ,22,3.7,3.5,2.5,3.5,A,A,hotel
42,ต่างจังหวัด,อาชีวะ,23,3.6,2.5,2,1.5,B,B+,hotel
43,ต่างจังหวัด,สามัญ,20,5,2.5,2,2,B,C,management
45,ต่างจังหวัด,อาชีวะ,18,2.4,2,3.5,2.5,B,A,hotel
47,ต่างจังหวัด,สามัญ,26,2.5,4,2,3.5,A,A,hotel
59,ต่างจังหวัด,สามัญ,19,2.89,3,3.5,2.5,B,A,marketing
62,ต่างจังหวัด,สามัญ,18,3.4,3.5,2,2,D+,D,management
67,ต่างจังหวัด,อาชีวะ,24,2.2,3.5,2.5,2.5,D+,D,computer
68,ต่างจังหวัด,อาชีวะ,18,3.1,3.5,1.5,1.5,D,D,hotel
70,ต่างจังหวัด,สามัญ,25,3.8,2,2,2,D+,B,management
72,ต่างจังหวัด,อาชีวะ,18,2.8,2.5,1.5,1,D,D,management
73,ต่างจังหวัด,อาชีวะ,29,3.8,1.5,1.5,1,B,C,management
75,ต่างจังหวัด,สามัญ,21,3.9,1,2,2,D+,B,hotel
76,ต่างจังหวัด,สามัญ,22,3.1,1,3.5,3.5,C,B+,management
77,ต่างจังหวัด,อาชีวะ,30,3.1,4,2,2,D+,B,computer
85,ต่างจังหวัด,อาชีวะ,28,3.3,3,2,2,D+,B,hotel
86,ต่างจังหวัด,อาชีวะ,25,3.6,4,3.5,2.5,B,A,marketing
87,ต่างจังหวัด,อาชีวะ,21,3.3,1.5,1.5,3,C,B+,hotel
94,ต่างจังหวัด,สามัญ,24,3.15,2,3,3.5,A,C+,computer
100,ต่างจังหวัด,สามัญ,24,2.8,2.5,3,2.5,B,C,computer
105,ต่างจังหวัด,อาชีวะ,22,1.9,2,3.5,3.5,A,A,marketing
108,ต่างจังหวัด,อาชีวะ,23,2.7,2.5,2,1.5,B,B+,hotel
113,ต่างจังหวัด,อาชีวะ,25,2.4,2,2,3.5,A,C+,management
115,ต่างจังหวัด,สามัญ,26,3.25,3.5,1.5,1.5,B,C,computer
123,ต่างจังหวัด,อาชีวะ,18,2.89,4,2,3.5,A,C+,computer
131,ต่างจังหวัด,อาชีวะ,28,3.7,3.5,2,3,C,B+,hotel
134,ต่างจังหวัด,สามัญ,30,2.8,3.5,2.5,2.5,B,B+,hotel
136,ต่างจังหวัด,สามัญ,18,3.15,2,3.5,2.5,D+,D+,computer
138,ต่างจังหวัด,สามัญ,28,1.9,2,3,2.5,D+,D,computer
145,ต่างจังหวัด,สามัญ,30,2.8,3.5,2,3,B+,A,computer
150,ต่างจังหวัด,อาชีวะ,24,3.9,3,1,3,B+,C,computer
152,ต่างจังหวัด,อาชีวะ,25,2.45,3,2.5,2.5,D+,D,computer
154,ต่างจังหวัด,อาชีวะ,29,2.35,2.5,4,2.5,B+,A,hotel
158,ต่างจังหวัด,อาชีวะ,18,3.1,2.5,3,3.5,C,B+,hotel
159,ต่างจังหวัด,อาชีวะ,21,2.2,2.5,2.5,3.5,C,C,management
168,ต่างจังหวัด,อาชีวะ,24,3,1.5,2,3.5,C,C,management
169,ต่างจังหวัด,สามัญ,28,2.56,4,2.5,2.5,B,C,computer
171,ต่างจังหวัด,สามัญ,29,2.7,4,3.5,3.5,A,A,marketing
172,ต่างจังหวัด,สามัญ,25,3.2,2,3,3.5,C,B+,hotel
173,ต่างจังหวัด,อาชีวะ,21,2.4,2,3.5,3.5,A,C+,computer
176,ต่างจังหวัด,อาชีวะ,20,2.7,4,1.5,3,C,D+,computer
180,ต่างจังหวัด,สามัญ,23,3.1,3.5,3.5,2.5,C,B,marketing
182,ต่างจังหวัด,สามัญ,27,3.1,4,4,4,A,C+,computer
183,ต่างจังหวัด,อาชีวะ,19,2.6,3,2.5,3.5,C,C,computer
184,ต่างจังหวัด,สามัญ,25,2.9,3.5,3.5,2.5,B,C,computer
185,ต่างจังหวัด,สามัญ,2,3.6,1,3.5,3.5,C,B+,hotel
195,ต่างจังหวัด,สามัญ,19,2.2,2,3.5,2.5,D+,D+,computer
196,ต่างจังหวัด,อาชีวะ,20,3.6,1.5,2,3.5,B+,C+,management
197,ต่างจังหวัด,อาชีวะ,26,3.3,3,1.5,3,B+,A,hotel
206,ต่างจังหวัด,สามัญ,30,3.15,2.5,3,2.5,D+,D,computer
207,ต่างจังหวัด,สามัญ,26,1.9,3.5,2,2,B,B+,hotel
210,ต่างจังหวัด,สามัญ,25,2.8,3.5,3,3.5,A,A,marketing
211,ต่างจังหวัด,สามัญ,19,2.4,1,2,3.5,B+,C+,management
215,ต่างจังหวัด,สามัญ,29,3.8,4,2,3.5,C,C,computer
217,ต่างจังหวัด,สามัญ,21,1.9,1,2.5,3.5,C,C,management
221,ต่างจังหวัด,สามัญ,22,3.6,2.5,3.5,3.5,A,C+,computer
223,ต่างจังหวัด,อาชีวะ,8,3.8,3.5,2.5,3.5,C,C,management
225,ต่างจังหวัด,อาชีวะ,19,3.2,1,2,3.5,C,B+,hotel
226,ต่างจังหวัด,อาชีวะ,20,1.75,1.5,2.5,2.5,D+,D,management
228,ต่างจังหวัด,สามัญ,24,2.4,3.5,3,3.5,A,A,marketing
234,ต่างจังหวัด,สามัญ,29,2.6,2,3.5,2.5,B,A,hotel
237,ต่างจังหวัด,สามัญ,22,2.6,4,2,3.5,C,C,computer
238,ต่างจังหวัด,อาชีวะ,23,3.7,2,4,3.5,C+,B+,hotel
239,ต่างจังหวัด,อาชีวะ,18,1.9,2,2.5,2.5,B,B+,hotel
241,ต่างจังหวัด,อาชีวะ,17,2.4,2.5,3,3.5,A,C+,computer
242,ต่างจังหวัด,สามัญ,26,2.9,2,3,2.5,D+,D,computer
244,ต่างจังหวัด,อาชีวะ,25,3.1,2.5,3,2.5,D+,B,hotel
245,ต่างจังหวัด,อาชีวะ,18,2.5,2.5,2.5,2.5,D+,B,hotel
248,ต่างจังหวัด,สามัญ,18,5,2.5,3.5,2.5,B,A,hotel
251,ต่างจังหวัด,สามัญ,21,3.8,2,2,2,B,C,management
255,ต่างจังหวัด,อาชีวะ,23,3.9,1,3.5,3.5,A,A,hotel
261,ต่างจังหวัด,สามัญ,29,3.7,3.5,1.5,1.5,B,B+,hotel
265,ต่างจังหวัด,อาชีวะ,20,3.6,3.5,2,2,D+,B,hotel
268,ต่างจังหวัด,อาชีวะ,18,3.6,4,3.5,3.5,A,A,marketing
269,ต่างจังหวัด,สามัญ,24,3.6,3.5,1.5,1.5,B,C,computer
274,ต่างจังหวัด,อาชีวะ,25,3.1,1,2.5,2.5,B,B+,hotel
277,ต่างจังหวัด,สามัญ,17,2.6,4,3,2.5,B,B+,marketing
279,ต่างจังหวัด,อาชีวะ,21,2.35,2,2.5,3.5,C,C,computer
281,ต่างจังหวัด,อาชีวะ,30,3.25,4,3.5,2.5,B,C,computer
282,ต่างจังหวัด,สามัญ,22,2.45,2,3,3.5,C,C,computer
284,ต่างจังหวัด,อาชีวะ,26,3.15,1,2,3.5,C,B+,hotel
285,ต่างจังหวัด,อาชีวะ,27,2.2,4,4,2.5,B+,C,computer
291,ต่างจังหวัด,สามัญ,21,3.6,3.5,3,3.5,A,C+,computer
292,ต่างจังหวัด,สามัญ,8,2.35,2,3.5,3.5,C,C,management
294,ต่างจังหวัด,อาชีวะ,20,2.45,4,3,3.5,C,C,computer
297,ต่างจังหวัด,อาชีวะ,22,2.7,3.5,1.5,1.5,D,B,hotel
298,ต่างจังหวัด,อาชีวะ,23,3.4,2,2.5,3.5,C,B+,hotel
299,ต่างจังหวัด,สามัญ,26,2.89,4,2,3.5,A,A,hotel
301,ต่างจังหวัด,สามัญ,28,1.75,3,1.5,3,C,D+,management
302,ต่างจังหวัด,สามัญ,18,2.2,3,3.5,2.5,B,C,computer
303,ต่างจังหวัด,สามัญ,24,2.56,3.5,3,2.5,D+,D,computer
307,ต่างจังหวัด,สามัญ,19,3.7,4,3.5,3.5,C,B+,marketing
308,ต่างจังหวัด,อาชีวะ,21,3.8,2,2.5,2.5,D+,D,management
311,ต่างจังหวัด,สามัญ,23,3.8,2.5,3.5,3.5,A,C+,computer
315,ต่างจังหวัด,สามัญ,28,2.4,3.5,3.5,3.5,A,A,marketing
319,ต่างจังหวัด,อาชีวะ,21,3.3,2.5,3.5,2.5,B,C,computer
324,ต่างจังหวัด,สามัญ,18,2.56,2,2.5,2.5,D+,D,management
327,ต่างจังหวัด,อาชีวะ,17,3.6,4,2,3.5,B+,A,hotel
334,ต่างจังหวัด,สามัญ,20,1.75,3.5,3,3.5,C,B+,hotel
338,ต่างจังหวัด,อาชีวะ,19,3.3,4,2,3,B+,A,hotel
339,ต่างจังหวัด,อาชีวะ,22,1.75,2.5,2.5,2.5,D+,D,management
341,ต่างจังหวัด,สามัญ,29,3.3,2,3,2.5,B,A,hotel
345,ต่างจังหวัด,สามัญ,30,3.7,4,1.5,1.5,D,B,hotel
346,ต่างจังหวัด,อาชีวะ,17,1.9,2,4,2.5,C,B,hotel
347,ต่างจังหวัด,อาชีวะ,18,2.4,2,3.5,3.5,A,C+,computer
352,ต่างจังหวัด,อาชีวะ,19,3.15,2.5,2,3.5,C,B+,hotel
353,ต่างจังหวัด,สามัญ,24,3.15,2.5,2,2,D+,B,hotel
356,ต่างจังหวัด,สามัญ,20,3,2.5,2,3.5,B+,A,hotel
358,ต่างจังหวัด,อาชีวะ,29,2.2,4,2,3,B+,C+,computer
363,ต่างจังหวัด,สามัญ,24,3.7,2.5,3.5,3.5,A,A,hotel
364,ต่างจังหวัด,อาชีวะ,27,2.56,1.5,3,2.5,D+,B,hotel
366,ต่างจังหวัด,อาชีวะ,25,3,3.5,1.5,3,B+,A,marketing
368,ต่างจังหวัด,อาชีวะ,21,3.2,3.5,1.5,3,C,D+,computer
371,ต่างจังหวัด,อาชีวะ,19,3.8,3.5,2,3.5,C,C,computer
375,ต่างจังหวัด,สามัญ,27,3.9,2,3.5,2.5,B,C,computer
380,ต่างจังหวัด,สามัญ,18,2.6,4,3.5,3.5,C,C,computer
382,ต่างจังหวัด,อาชีวะ,17,3.6,1,2.5,2.5,D+,D,computer
384,ต่างจังหวัด,สามัญ,27,3.2,4,2.5,3.5,A,C+,marketing
385,ต่างจังหวัด,อาชีวะ,25,2.9,2,4,2.5,C,B+,hotel
386,ต่างจังหวัด,อาชีวะ,21,3.9,2.5,4,3.5,A,C+,computer
391,ต่างจังหวัด,สามัญ,18,2.45,2.5,1,1,D,B,hotel
394,ต่างจังหวัด,สามัญ,19,3.7,2,2.5,3.5,C,C,management
397,ต่างจังหวัด,อาชีวะ,21,2.7,4,2,2.5,D+,B,hotel
404,ต่างจังหวัด,สามัญ,24,2.35,4,3.5,3.5,A,C+,computer
406,ต่างจังหวัด,อาชีวะ,27,2.8,3,3.5,2.5,B,C,computer
407,ต่างจังหวัด,อาชีวะ,19,3.1,4,3.5,2.5,D+,B,marketing
408,ต่างจังหวัด,สามัญ,25,3.6,2,3.5,3.5,C,C,management
411,ต่างจังหวัด,สามัญ,20,2.45,4,2,3.5,A,C+,computer
424,ต่างจังหวัด,อาชีวะ,21,2.2,2,2,3.5,B+,C+,management
425,ต่างจังหวัด,สามัญ,18,3.6,2.5,2,2,D+,B,hotel
426,ต่างจังหวัด,สามัญ,21,2.56,1,1,1,B,C,management
428,ต่างจังหวัด,สามัญ,19,3.6,2.5,3.5,2.5,B,A,hotel
430,ต่างจังหวัด,สามัญ,30,3.6,2.5,3.5,2.5,B,C,hotel
431,ต่างจังหวัด,สามัญ,24,2.89,3.5,4,2.5,B+,C,computer
432,ต่างจังหวัด,สามัญ,19,3.7,4,3,2.5,B,C,computer
435,ต่างจังหวัด,สามัญ,2,3.8,3,3,3.5,C,C,computer
436,ต่างจังหวัด,สามัญ,25,3.15,3,1.5,1.5,B,C,management
439,ต่างจังหวัด,สามัญ,18,2.56,3.5,2,3.5,C,B+,hotel
441,ต่างจังหวัด,อาชีวะ,28,2.5,2.5,3,2.5,D+,B,computer
442,ต่างจังหวัด,อาชีวะ,29,3.4,3.5,2.5,3.5,A,A,hotel
450,ต่างจังหวัด,สามัญ,20,2.4,2.5,2,3.5,C,C,management
451,ต่างจังหวัด,อาชีวะ,27,3.7,2,3.5,3.5,C,C,computer
452,ต่างจังหวัด,อาชีวะ,28,3.8,2,2,3.5,C,D+,management
454,ต่างจังหวัด,สามัญ,18,3.1,3.5,2,3.5,B+,C+,computer
460,ต่างจังหวัด,อาชีวะ,21,3.1,2,1.5,1.5,B,B+,marketing
465,ต่างจังหวัด,สามัญ,20,2.89,2.5,1,3,C,B+,hotel
470,ต่างจังหวัด,อาชีวะ,18,3.25,1,2.5,3.5,A,C+,management
475,ต่างจังหวัด,สามัญ,21,2.7,2.5,3.5,3.5,A,C+,computer
477,ต่างจังหวัด,อาชีวะ,30,2.45,2.5,3,3.5,C,C,computer
478,ต่างจังหวัด,อาชีวะ,23,3.4,3.5,2,2,D+,D,computer
481,ต่างจังหวัด,อาชีวะ,24,3.7,2,3,2.5,D+,B,hotel
484,ต่างจังหวัด,อาชีวะ,21,2.5,2.5,3,3.5,A,A,hotel
486,ต่างจังหวัด,อาชีวะ,20,3.8,1.5,2,3.5,C,D+,management
491,ต่างจังหวัด,สามัญ,30,3.2,2,3.5,2.5,D+,B,hotel
494,ต่างจังหวัด,สามัญ,26,3.6,3.5,3.5,3.5,A,A,marketing
497,ต่างจังหวัด,สามัญ,25,2.7,3.5,3.5,2.5,C,B,marketing
499,ต่างจังหวัด,สามัญ,2,2.4,1.5,3.5,3.5,A,C+,computer
501,ต่างจังหวัด,อาชีวะ,29,3.7,2,2.5,3.5,A,C+,management
505,ต่างจังหวัด,สามัญ,27,2.4,4,1.5,3,C,D+,computer
512,ต่างจังหวัด,สามัญ,30,3.8,2.5,3.5,2.5,B,A,hotel
513,ต่างจังหวัด,สามัญ,26,2.9,2.5,3.5,3.5,A,A,hotel
515,ต่างจังหวัด,อาชีวะ,27,2.7,4,3,2.5,D+,D,management
516,ต่างจังหวัด,สามัญ,18,3.9,4,1.5,1.5,D,D,computer
519,ต่างจังหวัด,อาชีวะ,29,1.75,1,3.5,3.5,C,C,management
522,ต่างจังหวัด,สามัญ,20,3.7,2.5,1.5,3,B+,C,management
526,ต่างจังหวัด,สามัญ,21,2.45,3.5,3.5,3.5,C,C,computer
532,ต่างจังหวัด,สามัญ,19,3.2,3.5,4,4,C+,C,computer
533,ต่างจังหวัด,อาชีวะ,23,3.2,1.5,3.5,2.5,D+,D+,computer
535,ต่างจังหวัด,อาชีวะ,24,3.1,2,3,2.5,D+,D,computer
550,ต่างจังหวัด,สามัญ,21,3.6,2,2,2,B,B+,computer
556,ต่างจังหวัด,อาชีวะ,18,2.45,2,1.5,3,C,D+,management
557,ต่างจังหวัด,สามัญ,28,2.7,2,3.5,3.5,C,C,computer
558,ต่างจังหวัด,สามัญ,8,2.35,2.5,1.5,3,B+,A,hotel
559,ต่างจังหวัด,อาชีวะ,22,3.7,4,3.5,3.5,C,C,computer
565,ต่างจังหวัด,สามัญ,23,2.56,2,3.5,2.5,B,A,hotel
574,ต่างจังหวัด,อาชีวะ,18,2.9,2.5,2.5,2.5,B,C,management
583,ต่างจังหวัด,อาชีวะ,23,3.1,4,3.5,2.5,B,C,computer
587,ต่างจังหวัด,อาชีวะ,21,2.89,3,1.5,1.5,D,B,hotel
592,ต่างจังหวัด,อาชีวะ,19,3.8,3.5,2,2,D+,D,computer
595,ต่างจังหวัด,สามัญ,18,3.3,4,3.5,3.5,A,A,marketing
600,ต่างจังหวัด,สามัญ,21,3.15,2.5,2,3.5,A,A,hotel
601,ต่างจังหวัด,สามัญ,22,2.8,1.5,2,2,B,B+,hotel
604,ต่างจังหวัด,อาชีวะ,27,3.1,2,1,3,B+,A,hotel
607,ต่างจังหวัด,อาชีวะ,18,3.9,3.5,1.5,1.5,D,B,hotel
608,ต่างจังหวัด,อาชีวะ,29,3.6,2,3,3.5,C,C,computer
616,ต่างจังหวัด,อาชีวะ,20,1.9,3.5,3.5,3.5,C,C,computer
624,ต่างจังหวัด,สามัญ,19,3.25,4,3,2.5,D+,D,computer
625,ต่างจังหวัด,อาชีวะ,24,3.7,3,2,3.5,B+,C+,computer
629,ต่างจังหวัด,สามัญ,19,3.15,3,3,3.5,A,A,marketing
631,ต่างจังหวัด,สามัญ,2,3,2,2,2,D+,B,hotel
633,ต่างจังหวัด,สามัญ,22,2.7,4,3.5,2.5,B,A,marketing
634,ต่างจังหวัด,สามัญ,23,2.4,2,3.5,3.5,A,A,hotel
635,ต่างจังหวัด,สามัญ,18,2.5,2,3,2.5,D+,D,computer
636,ต่างจังหวัด,อาชีวะ,17,2.7,3.5,2,3.5,C,B+,hotel
637,ต่างจังหวัด,อาชีวะ,18,2.6,3.5,4,2.5,C,B+,marketing
639,ต่างจังหวัด,สามัญ,30,3,2.5,3,3.5,A,C+,computer
640,ต่างจังหวัด,สามัญ,24,3.9,3.5,2,3.5,C,B+,hotel
643,ต่างจังหวัด,สามัญ,18,3.1,3.5,3,2.5,D+,D,computer
647,ต่างจังหวัด,สามัญ,27,2.4,2.5,3.5,2.5,D+,B,hotel
648,ต่างจังหวัด,สามัญ,18,2.8,3.5,2,2.5,B,C,computer
651,ต่างจังหวัด,อาชีวะ,29,3.1,4,3.5,3.5,C,C,computer
655,ต่างจังหวัด,อาชีวะ,22,3.1,4,3.5,3.5,A,C+,management
660,ต่างจังหวัด,อาชีวะ,18,2.2,1,3,2.5,B,B+,hotel
663,ต่างจังหวัด,อาชีวะ,27,2.8,4,3.5,2.5,B,A,marketing
670,ต่างจังหวัด,อาชีวะ,26,2.9,4,3.5,2.5,B+,A,marketing
671,ต่างจังหวัด,สามัญ,8,3.1,4,2.5,3.5,A,C+,computer
676,ต่างจังหวัด,อาชีวะ,29,3.4,1.5,3.5,3.5,C,B+,hotel
677,ต่างจังหวัด,อาชีวะ,19,2.56,4,1.5,1.5,B,B+,management
680,ต่างจังหวัด,สามัญ,24,3,3,2.5,2.5,D+,B,hotel
682,ต่างจังหวัด,สามัญ,19,3.25,2,3.5,3.5,C,B+,hotel
684,ต่างจังหวัด,อาชีวะ,2,3.6,1.5,3,2.5,B,C,computer
688,ต่างจังหวัด,สามัญ,26,3.1,2,3,2.5,D+,D,computer
689,ต่างจังหวัด,สามัญ,18,3.2,2.5,1.5,3,C,B+,hotel
693,ต่างจังหวัด,สามัญ,22,3.2,3.5,2.5,2.5,B,B+,hotel
694,ต่างจังหวัด,สามัญ,28,3.8,4,2,3.5,C,C,computer
696,ต่างจังหวัด,อาชีวะ,18,3.7,2,3.5,3.5,A,A,hotel
697,ต่างจังหวัด,อาชีวะ,18,2.89,1.5,1.5,3,C,B+,hotel
700,ต่างจังหวัด,สามัญ,19,3.8,4,1.5,1,D,B,hotel
701,ต่างจังหวัด,สามัญ,26,3.25,2,1.5,1.5,B,C,hotel
704,ต่างจังหวัด,สามัญ,18,1.75,3.5,1.5,3,B+,C,hotel
705,ต่างจังหวัด,อาชีวะ,19,3.1,3,3.5,3.5,A,A,marketing
709,ต่างจังหวัด,สามัญ,29,3.8,3,4,2.5,C,B+,management
711,ต่างจังหวัด,อาชีวะ,25,2.8,2,3.5,2.5,D+,D+,management
717,ต่างจังหวัด,อาชีวะ,23,2.9,3.5,2.5,3.5,C,B+,hotel
718,ต่างจังหวัด,อาชีวะ,26,3.8,2.5,2.5,3.5,C,B+,hotel
722,ต่างจังหวัด,อาชีวะ,25,2.7,3.5,2.5,3.5,A,C+,computer
727,ต่างจังหวัด,สามัญ,21,3.4,4,3.5,3.5,C,B+,marketing
728,ต่างจังหวัด,สามัญ,18,2.9,2.5,3.5,2.5,B,A,hotel
731,ต่างจังหวัด,สามัญ,19,3.8,2.5,4,2.5,C,D+,computer
732,ต่างจังหวัด,สามัญ,2,2.7,3.5,2.5,2.5,D+,B,hotel
735,ต่างจังหวัด,สามัญ,30,3,3.5,3.5,3.5,A,A,hotel
737,ต่างจังหวัด,สามัญ,18,3.8,4,2,2,D+,D,computer
738,ต่างจังหวัด,อาชีวะ,26,3.7,2,2,2,D+,D,computer
745,ต่างจังหวัด,สามัญ,22,2.2,2.5,2,3,C,D+,management
746,ต่างจังหวัด,อาชีวะ,29,3.2,2.5,1.5,3,C,B+,hotel
747,ต่างจังหวัด,สามัญ,18,3.1,2,2,3.5,A,A,hotel
752,ต่างจังหวัด,อาชีวะ,26,3.5,3.5,3.5,3.5,A,A,hotel
760,ต่างจังหวัด,สามัญ,24,2.56,4,3.5,2.5,B,A,computer
761,ต่างจังหวัด,สามัญ,29,3.6,4,3,2.5,B,B+,marketing
764,ต่างจังหวัด,สามัญ,30,2.9,2.5,2,1.5,B,B+,computer
765,ต่างจังหวัด,สามัญ,21,3.7,2,4,3.5,A,A,marketing
768,ต่างจังหวัด,สามัญ,23,3.9,1,2,2,B,C,computer
776,ต่างจังหวัด,อาชีวะ,21,1.75,2,1.5,1,B,B+,hotel
777,ต่างจังหวัด,อาชีวะ,22,3.8,2,1.5,3,C,B+,hotel
780,ต่างจังหวัด,อาชีวะ,29,2.35,2.5,1.5,3,C,B+,hotel
781,ต่างจังหวัด,อาชีวะ,30,2.45,3.5,4,2.5,B+,A,marketing
786,ต่างจังหวัด,อาชีวะ,21,2.4,4,1.5,1,D,B,hotel
791,ต่างจังหวัด,สามัญ,19,2.56,4,3,2.5,D+,B,marketing
795,ต่างจังหวัด,สามัญ,21,3.6,3.5,4,2.5,C,B+,marketing
798,ต่างจังหวัด,สามัญ,18,3.2,1,3.5,3.5,A,C+,computer
803,ต่างจังหวัด,สามัญ,30,3.9,3.5,2.5,3.5,A,C+,computer
808,ต่างจังหวัด,อาชีวะ,21,2.6,2,2,3,C,B+,hotel
809,ต่างจังหวัด,สามัญ,27,2.4,3.5,3.5,3.5,C,B+,marketing
816,ต่างจังหวัด,สามัญ,30,2.8,3.5,3,3.5,A,C+,marketing
819,ต่างจังหวัด,สามัญ,20,2.89,3,3,2.5,B,A,marketing
820,ต่างจังหวัด,อาชีวะ,27,3.25,1.5,1.5,3,C,B+,hotel
822,ต่างจังหวัด,สามัญ,29,1.9,2,2,2,D+,D,management
829,ต่างจังหวัด,สามัญ,19,3.6,2,2,3.5,A,C+,management
831,ต่างจังหวัด,สามัญ,21,2.35,3.5,3,3.5,C,C,computer
833,ต่างจังหวัด,สามัญ,20,3.7,2.5,1.5,3,C,D+,management
834,ต่างจังหวัด,สามัญ,21,3.25,2.5,3,2.5,D+,D,computer
840,ต่างจังหวัด,อาชีวะ,18,2.8,2,2,3,C,B+,hotel
841,ต่างจังหวัด,สามัญ,26,2.8,2.5,4,3.5,A,A,hotel
846,ต่างจังหวัด,สามัญ,23,3.15,4,2,2,D+,B,hotel
847,ต่างจังหวัด,สามัญ,26,3.9,2.5,1.5,1.5,D,D,management
852,ต่างจังหวัด,สามัญ,19,2.4,1.5,3.5,3.5,A,C+,computer
856,ต่างจังหวัด,สามัญ,20,3.9,2.5,1.5,1.5,D,D,management
858,ต่างจังหวัด,อาชีวะ,21,3.7,2.5,1.5,1.5,D,D,marketing
860,ต่างจังหวัด,สามัญ,23,3.2,4,4,2.5,B+,A,computer
861,ต่างจังหวัด,สามัญ,19,2.8,2,1.5,1.5,D,B,marketing
862,ต่างจังหวัด,อาชีวะ,26,2.89,2,1.5,1.5,B,C,management
864,ต่างจังหวัด,อาชีวะ,2,3.9,2,1.5,3,C,D+,marketing
866,ต่างจังหวัด,สามัญ,17,2.7,3.5,3.5,2.5,D+,B,marketing
869,ต่างจังหวัด,สามัญ,25,3.6,2,2,1.5,D,B,hotel
874,ต่างจังหวัด,สามัญ,23,2.9,2,1.5,3,C,B+,hotel
875,ต่างจังหวัด,อาชีวะ,18,3.7,3.5,3.5,3.5,C,B+,marketing
877,ต่างจังหวัด,อาชีวะ,28,3.1,4,1.5,1.5,B,C,computer
881,ต่างจังหวัด,สามัญ,26,3.6,2.5,3.5,2.5,D+,B,hotel
882,ต่างจังหวัด,อาชีวะ,25,2.56,3.5,3,2.5,D+,B,marketing
884,ต่างจังหวัด,อาชีวะ,21,3.4,3.5,3,3.5,C,C,computer
886,ต่างจังหวัด,อาชีวะ,27,2.8,2,2,3,B+,A,hotel
887,ต่างจังหวัด,สามัญ,19,2.7,4,2,3.5,C,B+,hotel
888,ต่างจังหวัด,สามัญ,22,3.7,2,3.5,2.5,B,C,hotel
889,ต่างจังหวัด,สามัญ,28,1.9,3.5,2,3.5,B+,C+,computer
893,ต่างจังหวัด,อาชีวะ,19,2.35,2.5,2,2,D+,B,management
897,ต่างจังหวัด,สามัญ,26,3.6,2,4,3.5,A,A,hotel
903,ต่างจังหวัด,อาชีวะ,29,3.7,2,2,1.5,B,C,management
904,ต่างจังหวัด,อาชีวะ,30,3.8,4,2,3.5,A,C+,computer
905,ต่างจังหวัด,อาชีวะ,21,1.75,4,3,3.5,A,A,marketing
906,ต่างจังหวัด,สามัญ,26,3.25,2,1.5,3,C,D+,management
913,ต่างจังหวัด,สามัญ,22,3.9,4,2,3.5,B+,C+,computer
914,ต่างจังหวัด,สามัญ,29,2.6,2.5,1.5,3,B+,C,management
926,ต่างจังหวัด,อาชีวะ,2,3.8,4,4,2.5,B+,C,computer
927,ต่างจังหวัด,สามัญ,18,2.89,4,2,3.5,B+,A,marketing
929,ต่างจังหวัด,อาชีวะ,17,3.8,4,2.5,2.5,D+,B,management
934,ต่างจังหวัด,สามัญ,29,3.6,3.5,1,1,D,B,hotel
939,ต่างจังหวัด,สามัญ,24,3.1,1.5,2,2,B,B+,hotel
943,ต่างจังหวัด,สามัญ,19,1.75,3,2,2,D+,D,computer
947,ต่างจังหวัด,อาชีวะ,29,3.2,1.5,3.5,3.5,C,B+,computer
956,ต่างจังหวัด,อาชีวะ,25,2.6,1,4,3.5,C+,B+,hotel
957,ต่างจังหวัด,อาชีวะ,28,3.8,2.5,2,1.5,D,D,management
959,ต่างจังหวัด,สามัญ,21,3.8,2,3.5,3.5,C,B+,hotel
960,ต่างจังหวัด,อาชีวะ,19,3.6,1.5,3,3.5,C,B+,hotel
962,ต่างจังหวัด,สามัญ,30,3.9,3.5,2,2.5,B,B+,management
963,ต่างจังหวัด,สามัญ,22,2.35,1.5,3.5,3.5,A,A,hotel
964,ต่างจังหวัด,อาชีวะ,2,3.1,2,4,2.5,C,B+,hotel
965,ต่างจังหวัด,สามัญ,26,2.4,4,2,3.5,B+,A,hotel
969,ต่างจังหวัด,สามัญ,23,3.9,3.5,2,3.5,A,C+,computer
971,ต่างจังหวัด,อาชีวะ,25,2.7,3.5,3,3.5,C,C,hotel
972,ต่างจังหวัด,สามัญ,21,2.45,2,3.5,3.5,C,B+,hotel
973,ต่างจังหวัด,สามัญ,29,3.8,2.5,3.5,3.5,A,C+,computer
974,ต่างจังหวัด,สามัญ,30,2.5,1.5,3,3.5,A,A,hotel
978,ต่างจังหวัด,อาชีวะ,26,2.7,4,3.5,2.5,D+,D+,computer
979,ต่างจังหวัด,สามัญ,27,3.8,2.5,3.5,3.5,C,C,computer
980,ต่างจังหวัด,สามัญ,24,2.2,3.5,3.5,2.5,D+,B,marketing
981,ต่างจังหวัด,สามัญ,25,2.56,2,3,3.5,A,C+,hotel
982,ต่างจังหวัด,อาชีวะ,28,2.9,2.5,3.5,3.5,C,B+,hotel
987,ต่างจังหวัด,สามัญ,26,2.7,3.5,2,2,D+,D,hotel
993,ต่างจังหวัด,อาชีวะ,20,2.5,3.5,2,2,B,B+,hotel
994,ต่างจังหวัด,สามัญ,29,3.6,2,1.5,1,B,B+,hotel
996,ต่างจังหวัด,อาชีวะ,18,3.6,2,3,2.5,B,B+,hotel
1000,ต่างจังหวัด,อาชีวะ,24,3.8,3.5,2,2,B,C,computer
