"Age_group","Rank_grade_major","Rank_grade_business","Rank_grade_computer","GPA_old_group","Rank_study_group","Study","Rank_grade_finance","Rank_grade_total","Student_ID","Major"
"27-30","C+","B","B+","good","สามัญ","ไม่ระบุ","A","A",6,"management"
"27-30","A","D","D","excellent","สามัญ","ไม่ระบุ","B","C",7,"computer"
"27-30","C","C","C","good","สามัญ","ไม่ระบุ","B","B+",9,"hotel"
"17-21","A","D+","D+","good","อาชีวะ","ไม่ระบุ","B","B+",10,"hotel"
"17-21","C","D+","D","good","อาชีวะ","ไม่ระบุ","D","D",11,"management"
"27-30","A","B","C+","excellent","สามัญ","ไม่ระบุ","B","C",12,"computer"
"22-26","C","D+","B","excellent","สามัญ","ไม่ระบุ","C","B+",13,"hotel"
"17-21","C+","C","B","excellent","สามัญ","ไม่ระบุ","C","D+",15,"management"
"17-21","A","C+","B+","medium","สามัญ","ไม่ระบุ","A","C+",17,"computer"
"17-21","A","D+","D+","good","สามัญ","ไม่ระบุ","B","C",18,"computer"
"27-30","C+","C","B+","good","อาชีวะ","ไม่ระบุ","C","B+",21,"hotel"
"27-30","C+","B","C+","excellent","อาชีวะ","ไม่ระบุ","D+","D",22,"computer"
"27-30","C+","B","C+","low","สามัญ","ไม่ระบุ","D+","D",35,"computer"
"27-30","B+","B","B+","medium","อาชีวะ","ไม่ระบุ","C","C",36,"computer"
"27-30","C+","B","B+","excellent","สามัญ","ไม่ระบุ","C","B+",37,"hotel"
"27-30","C","B","B+","excellent","อาชีวะ","ไม่ระบุ","C","B+",44,"hotel"
"27-30","C","B","B+","good","สามัญ","ไม่ระบุ","C","B+",50,"hotel"
"22-26","B+","C","C","excellent","อาชีวะ","ไม่ระบุ","B","C",52,"computer"
"27-30","A","C+","C+","medium","สามัญ","ไม่ระบุ","D+","B",53,"hotel"
"27-30","B+","D+","D+","excellent","สามัญ","ไม่ระบุ","B","C",54,"computer"
"22-26","B+","C","C","excellent","สามัญ","ไม่ระบุ","B","B+",55,"hotel"
"22-26","A","C","C","excellent","อาชีวะ","ไม่ระบุ","B","C",58,"computer"
"22-26","C","B+","C+","excellent","สามัญ","ไม่ระบุ","B","C",65,"hotel"
"17-21","B+","B+","C+","excellent","อาชีวะ","ไม่ระบุ","B","C",66,"computer"
"17-21","C+","B+","C+","low","อาชีวะ","ไม่ระบุ","D+","D+",74,"hotel"
"17-21","B+","C","C","medium","อาชีวะ","ไม่ระบุ","D+","B",78,"hotel"
"22-26","C","C","B+","good","อาชีวะ","ไม่ระบุ","C","D+",81,"management"
"27-30","C","B+","B+","excellent","สามัญ","ไม่ระบุ","C","B+",83,"hotel"
"27-30","B+","B+","C+","good","อาชีวะ","ไม่ระบุ","B","C",89,"computer"
"17-21","C","D+","B","good","สามัญ","ไม่ระบุ","B+","A",90,"hotel"
"27-30","B+","B","B+","excellent","สามัญ","ไม่ระบุ","C","B+",92,"computer"
"17-21","B","B+","C+","good","สามัญ","ไม่ระบุ","D+","B",97,"marketing"
"22-26","D+","C","C","excellent","สามัญ","ไม่ระบุ","D+","B",98,"hotel"
"17-21","B+","C","C","good","อาชีวะ","ไม่ระบุ","D+","D",101,"computer"
"17-21","D+","A","C+","good","อาชีวะ","ไม่ระบุ","C","D+",102,"computer"
"22-26","D+","B+","B+","good","อาชีวะ","ไม่ระบุ","A","C+",103,"computer"
"17-21","B+","B+","B+","good","สามัญ","ไม่ระบุ","A","A",104,"marketing"
"17-21","D","B","B+","medium","สามัญ","ไม่ระบุ","A","A",107,"hotel"
"27-30","B+","D+","D+","excellent","สามัญ","ไม่ระบุ","D","B",117,"hotel"
"27-30","C","D+","D+","excellent","อาชีวะ","ไม่ระบุ","D","D",119,"management"
"17-21","B+","A","C+","good","สามัญ","ไม่ระบุ","C","D+",124,"management"
"17-21","C+","C","B+","good","อาชีวะ","ไม่ระบุ","C","C",132,"hotel"
"27-30","D+","B","B+","low","สามัญ","ไม่ระบุ","C","C",133,"computer"
"27-30","A","B","B+","excellent","อาชีวะ","ไม่ระบุ","C","C",135,"marketing"
"27-30","C","A","C+","good","อาชีวะ","ไม่ระบุ","B+","C",137,"computer"
"22-26","C","B","B+","excellent","สามัญ","ไม่ระบุ","A","A",143,"hotel"
"27-30","A","B+","B+","medium","อาชีวะ","ไม่ระบุ","C","B+",147,"marketing"
"27-30","C","B+","C+","medium","สามัญ","ไม่ระบุ","D+","B",155,"hotel"
"17-21","C+","D+","B","good","สามัญ","ไม่ระบุ","B+","C",156,"management"
"17-21","A","C+","C+","excellent","สามัญ","ไม่ระบุ","B","B+",160,"hotel"
"17-21","C","C","B+","good","สามัญ","ไม่ระบุ","C","C",161,"management"
"22-26","D","C","B+","good","สามัญ","ไม่ระบุ","B+","A",162,"hotel"
"17-21","C","B+","B+","excellent","สามัญ","ไม่ระบุ","C","B+",164,"hotel"
"27-30","C","C+","B+","medium","สามัญ","ไม่ระบุ","A","A",167,"hotel"
"17-21","C+","B","B+","good","อาชีวะ","ไม่ระบุ","C","B+",170,"marketing"
"27-30","C","B+","C+","good","สามัญ","ไม่ระบุ","D+","B",174,"hotel"
"22-26","C","C+","B+","good","อาชีวะ","ไม่ระบุ","C","B+",181,"hotel"
"17-21","B+","C+","B+","medium","สามัญ","ไม่ระบุ","C","C",187,"computer"
"17-21","B+","B","C+","medium","สามัญ","ไม่ระบุ","D+","D",189,"marketing"
"17-21","C","C","B+","medium","สามัญ","ไม่ระบุ","C","B+",190,"hotel"
"27-30","C+","B","C+","excellent","อาชีวะ","ไม่ระบุ","D+","B",194,"hotel"
"27-30","C+","B+","C+","good","สามัญ","ไม่ระบุ","B","C",199,"computer"
"17-21","B+","C+","C+","good","อาชีวะ","ไม่ระบุ","D+","B",202,"hotel"
"27-30","A","B+","C+","excellent","สามัญ","ไม่ระบุ","D+","D+",204,"computer"
"17-21","B","B+","B+","good","อาชีวะ","ไม่ระบุ","C","B+",205,"marketing"
"27-30","B+","D+","D+","good","สามัญ","ไม่ระบุ","B","C",209,"computer"
"27-30","B+","C","C","good","อาชีวะ","ไม่ระบุ","D+","B",219,"hotel"
"17-21","C","C","B","good","สามัญ","ไม่ระบุ","C","D+",220,"management"
"27-30","B+","C","C","medium","สามัญ","ไม่ระบุ","B","B+",222,"hotel"
"22-26","B+","C","B+","excellent","สามัญ","ไม่ระบุ","A","A",224,"hotel"
"17-21","C","C","C","excellent","สามัญ","ไม่ระบุ","B","B+",232,"hotel"
"17-21","C","B","C+","good","อาชีวะ","ไม่ระบุ","B","C",235,"computer"
"27-30","C","B","C+","good","สามัญ","ไม่ระบุ","B","C",253,"computer"
"17-21","C","C","C","good","สามัญ","ไม่ระบุ","D+","D",254,"hotel"
"22-26","C+","C+","B+","good","สามัญ","ไม่ระบุ","A","C+",257,"management"
"22-26","D+","B+","C+","good","อาชีวะ","ไม่ระบุ","D+","D+",258,"management"
"27-30","C+","C","B","excellent","สามัญ","ไม่ระบุ","C","D+",260,"management"
"17-21","B+","B","B+","excellent","อาชีวะ","ไม่ระบุ","C","B+",262,"marketing"
"17-21","C+","B+","C+","good","สามัญ","ไม่ระบุ","D+","D+",263,"computer"
"22-26","C","B","B+","good","สามัญ","ไม่ระบุ","C","B+",264,"computer"
"27-30","B+","C","B+","medium","อาชีวะ","ไม่ระบุ","C","B+",267,"hotel"
"27-30","A","B+","C+","good","สามัญ","ไม่ระบุ","B","C",270,"marketing"
"27-30","C+","B+","C+","medium","สามัญ","ไม่ระบุ","B","A",272,"hotel"
"27-30","C","B+","C+","excellent","สามัญ","ไม่ระบุ","D+","D+",280,"computer"
"22-26","D+","B","C+","good","อาชีวะ","ไม่ระบุ","D+","B",283,"management"
"22-26","B","B","C+","good","สามัญ","ไม่ระบุ","D+","D",286,"management"
"17-21","A","C+","C+","medium","อาชีวะ","ไม่ระบุ","D+","B",287,"hotel"
"27-30","B","B+","C+","good","อาชีวะ","ไม่ระบุ","B","C",288,"computer"
"17-21","C+","A","C+","good","อาชีวะ","ไม่ระบุ","B+","A",293,"hotel"
"17-21","A","D+","B","excellent","สามัญ","ไม่ระบุ","C","D+",295,"computer"
"22-26","C","B+","B+","good","อาชีวะ","ไม่ระบุ","C","B+",304,"hotel"
"17-21","B+","D+","D","good","อาชีวะ","ไม่ระบุ","D","D",305,"computer"
"27-30","B+","B+","C+","low","สามัญ","ไม่ระบุ","B","A",314,"marketing"
"22-26","B+","C","B+","good","อาชีวะ","ไม่ระบุ","C","C",316,"computer"
"27-30","B+","C","B","good","อาชีวะ","ไม่ระบุ","C","D+",321,"computer"
"27-30","C","B","B+","medium","อาชีวะ","ไม่ระบุ","A","A",323,"hotel"
"27-30","B+","D+","B","good","สามัญ","ไม่ระบุ","B+","C+",325,"hotel"
"27-30","D","C+","B+","medium","อาชีวะ","ไม่ระบุ","C","C",329,"management"
"27-30","C","B","C+","good","สามัญ","ไม่ระบุ","D+","D",332,"computer"
"17-21","B+","C","D+","good","สามัญ","ไม่ระบุ","D","D",336,"computer"
"27-30","A","B","C+","medium","อาชีวะ","ไม่ระบุ","B","B+",337,"marketing"
"22-26","C+","C","C","good","สามัญ","ไม่ระบุ","D+","D",342,"management"
"17-21","B+","A","C+","excellent","สามัญ","ไม่ระบุ","B+","A",344,"marketing"
"27-30","C","C","B+","excellent","สามัญ","ไม่ระบุ","C","B+",351,"hotel"
"22-26","A","B","B+","excellent","สามัญ","ไม่ระบุ","C","B+",354,"marketing"
"17-21","A","C","C","excellent","สามัญ","ไม่ระบุ","B","C",355,"computer"
"22-26","B+","D","B","low","สามัญ","ไม่ระบุ","B+","A",361,"hotel"
"27-30","A","B+","B+","excellent","สามัญ","ไม่ระบุ","C+","B+",362,"marketing"
"27-30","D+","A","B+","excellent","อาชีวะ","ไม่ระบุ","C+","B+",372,"hotel"
"27-30","B+","B+","B+","good","สามัญ","ไม่ระบุ","C","B+",377,"marketing"
"27-30","C","C","C","excellent","อาชีวะ","ไม่ระบุ","B","C",378,"computer"
"27-30","C","B","B+","low","สามัญ","ไม่ระบุ","A","C+",381,"management"
"22-26","B+","B+","B+","medium","สามัญ","ไม่ระบุ","A","C+",389,"computer"
"22-26","C","C","B+","good","อาชีวะ","ไม่ระบุ","C","B+",393,"hotel"
"27-30","C","C+","C+","good","อาชีวะ","ไม่ระบุ","B","C",395,"management"
"27-30","C+","B+","B+","good","สามัญ","ไม่ระบุ","C","C",398,"computer"
"22-26","A","B","C+","excellent","สามัญ","ไม่ระบุ","B","C",402,"computer"
"17-21","C","C+","C+","excellent","อาชีวะ","ไม่ระบุ","D+","B",405,"hotel"
"17-21","C+","B+","C+","excellent","สามัญ","ไม่ระบุ","D+","B",410,"hotel"
"22-26","A","B","C+","good","อาชีวะ","ไม่ระบุ","B","B+",413,"marketing"
"17-21","B","A","B+","medium","อาชีวะ","ไม่ระบุ","C+","C",416,"computer"
"27-30","C+","B+","C+","medium","อาชีวะ","ไม่ระบุ","B","C",420,"computer"
"17-21","A","B+","B+","excellent","สามัญ","ไม่ระบุ","A","C+",423,"computer"
"22-26","D+","B","C+","medium","สามัญ","ไม่ระบุ","B","C",429,"computer"
"27-30","C","B+","C+","good","สามัญ","ไม่ระบุ","D+","D+",433,"computer"
"27-30","C","C+","C+","good","สามัญ","ไม่ระบุ","B","B+",434,"hotel"
"17-21","B+","D+","D+","excellent","อาชีวะ","ไม่ระบุ","D","D",438,"computer"
"17-21","C","B","B+","good","อาชีวะ","ไม่ระบุ","A","C+",440,"computer"
"17-21","C","C","B+","excellent","สามัญ","ไม่ระบุ","A","C+",443,"management"
"17-21","C","C","B+","good","อาชีวะ","ไม่ระบุ","C","C",444,"marketing"
"17-21","B+","C","C","good","สามัญ","ไม่ระบุ","B","B+",446,"hotel"
"27-30","D","A","B+","good","สามัญ","ไม่ระบุ","C+","C",447,"computer"
"27-30","B+","B","C+","good","สามัญ","ไม่ระบุ","B","A",449,"marketing"
"27-30","D","C","B+","excellent","อาชีวะ","ไม่ระบุ","C","C",453,"management"
"27-30","D+","C+","B+","good","สามัญ","ไม่ระบุ","C","C",456,"management"
"17-21","D","C+","C+","excellent","อาชีวะ","ไม่ระบุ","B","B+",459,"marketing"
"17-21","C","C+","B+","good","อาชีวะ","ไม่ระบุ","A","C+",462,"management"
"22-26","C+","D+","D+","medium","สามัญ","ไม่ระบุ","D","B",463,"hotel"
"17-21","C","C","B+","low","อาชีวะ","ไม่ระบุ","B+","A",468,"hotel"
"27-30","A","B+","C+","medium","สามัญ","ไม่ระบุ","B","C",474,"computer"
"22-26","D+","C+","C+","good","สามัญ","ไม่ระบุ","D+","D",476,"management"
"27-30","B+","B","B+","good","สามัญ","ไม่ระบุ","A","C+",483,"computer"
"27-30","C","C+","B+","good","สามัญ","ไม่ระบุ","C","C",490,"management"
"22-26","C","C+","B+","excellent","อาชีวะ","ไม่ระบุ","A","C+",493,"management"
"27-30","D+","A","C+","excellent","สามัญ","ไม่ระบุ","B+","C",495,"computer"
"27-30","B+","B","C+","good","อาชีวะ","ไม่ระบุ","D+","D",502,"computer"
"17-21","D+","B","C+","good","สามัญ","ไม่ระบุ","B","A",504,"hotel"
"17-21","B+","B","C+","good","สามัญ","ไม่ระบุ","B","A",506,"marketing"
"27-30","C","B+","C+","good","อาชีวะ","ไม่ระบุ","B","C",507,"computer"
"17-21","B+","D","B","good","อาชีวะ","ไม่ระบุ","B+","A",509,"hotel"
"27-30","A","B","C+","good","สามัญ","ไม่ระบุ","B","B+",510,"marketing"
"22-26","C+","C","C","excellent","อาชีวะ","ไม่ระบุ","D+","B",511,"hotel"
"17-21","C","C","C","excellent","อาชีวะ","ไม่ระบุ","D+","D",517,"management"
"27-30","B","C+","C+","good","อาชีวะ","ไม่ระบุ","D+","D",520,"hotel"
"17-21","C+","B","B+","excellent","อาชีวะ","ไม่ระบุ","C","B+",521,"hotel"
"22-26","B+","C","C","good","อาชีวะ","ไม่ระบุ","D+","D",523,"marketing"
"17-21","D","B+","B+","good","สามัญ","ไม่ระบุ","A","A",525,"hotel"
"27-30","C+","B+","C+","good","อาชีวะ","ไม่ระบุ","D+","B",528,"hotel"
"17-21","A","B+","C+","good","อาชีวะ","ไม่ระบุ","C","D+",534,"computer"
"22-26","B+","D+","B","excellent","อาชีวะ","ไม่ระบุ","C","B+",536,"hotel"
"22-26","C","B","B+","medium","สามัญ","ไม่ระบุ","C","B+",538,"marketing"
"17-21","A","D+","D+","excellent","อาชีวะ","ไม่ระบุ","D","D",539,"computer"
"27-30","C+","C+","C+","excellent","อาชีวะ","ไม่ระบุ","B","B+",541,"hotel"
"22-26","C","C","D+","good","สามัญ","ไม่ระบุ","D","D",545,"management"
"17-21","B+","B+","C+","good","สามัญ","ไม่ระบุ","C","D+",551,"computer"
"17-21","A","C","C+","medium","สามัญ","ไม่ระบุ","D+","B",554,"marketing"
"17-21","B","B+","C+","excellent","สามัญ","ไม่ระบุ","D+","B",560,"marketing"
"17-21","B+","C","C","medium","อาชีวะ","ไม่ระบุ","B","B+",562,"hotel"
"17-21","C+","B+","C+","medium","สามัญ","ไม่ระบุ","D+","D+",564,"computer"
"17-21","C","B","C+","excellent","สามัญ","ไม่ระบุ","B","C",567,"computer"
"17-21","B+","B","B+","excellent","อาชีวะ","ไม่ระบุ","A","A",568,"marketing"
"22-26","A","D+","B","medium","สามัญ","ไม่ระบุ","C","D+",572,"computer"
"22-26","C+","B","B+","good","สามัญ","ไม่ระบุ","C","B+",573,"computer"
"27-30","B+","C","B","good","อาชีวะ","ไม่ระบุ","C","B+",575,"hotel"
"17-21","B+","B","C+","excellent","อาชีวะ","ไม่ระบุ","D+","D",576,"computer"
"17-21","A","D+","B","medium","สามัญ","ไม่ระบุ","C","B+",577,"hotel"
"22-26","B+","B+","C+","excellent","อาชีวะ","ไม่ระบุ","B","A",580,"marketing"
"17-21","C+","B+","B+","good","อาชีวะ","ไม่ระบุ","C","C",581,"computer"
"27-30","B+","B+","B+","medium","อาชีวะ","ไม่ระบุ","C","C",582,"management"
"22-26","C+","B","C+","good","สามัญ","ไม่ระบุ","B","B+",584,"hotel"
"22-26","A","D+","B","excellent","สามัญ","ไม่ระบุ","B+","C",585,"computer"
"17-21","A","D+","B","good","อาชีวะ","ไม่ระบุ","C","D+",586,"computer"
"17-21","B","B+","C+","good","สามัญ","ไม่ระบุ","D+","B",589,"marketing"
"22-26","A","D+","D+","excellent","อาชีวะ","ไม่ระบุ","B","C",590,"computer"
"17-21","C","C","C","good","สามัญ","ไม่ระบุ","D+","D",593,"management"
"22-26","C","B","C+","excellent","สามัญ","ไม่ระบุ","B","C",594,"computer"
"22-26","D","C","B","low","อาชีวะ","ไม่ระบุ","B+","A",597,"marketing"
"17-21","B","C","B","low","อาชีวะ","ไม่ระบุ","B+","C+",602,"computer"
"27-30","B+","C","B+","good","สามัญ","ไม่ระบุ","A","C+",605,"computer"
"22-26","C","D+","D","low","อาชีวะ","ไม่ระบุ","D","B",606,"hotel"
"27-30","C","B","B+","excellent","อาชีวะ","ไม่ระบุ","A","C+",609,"management"
"27-30","D","B","C+","excellent","สามัญ","ไม่ระบุ","B","C",613,"computer"
"17-21","B+","A","A","good","สามัญ","ไม่ระบุ","A","A",614,"marketing"
"22-26","B+","C","B+","good","สามัญ","ไม่ระบุ","B+","C+",621,"computer"
"27-30","C+","B+","C+","medium","สามัญ","ไม่ระบุ","D+","D+",622,"computer"
"27-30","B+","C","B+","excellent","สามัญ","ไม่ระบุ","C","C",627,"computer"
"22-26","B+","C","B+","excellent","อาชีวะ","ไม่ระบุ","C","B+",628,"hotel"
"27-30","C","B+","B+","excellent","สามัญ","ไม่ระบุ","C","B+",638,"hotel"
"17-21","C","C","C","good","อาชีวะ","ไม่ระบุ","B","C",652,"management"
"17-21","D","D","D","good","อาชีวะ","ไม่ระบุ","B","B+",654,"hotel"
"17-21","B+","C+","B+","good","สามัญ","ไม่ระบุ","C","B+",657,"hotel"
"17-21","D+","C","B+","good","สามัญ","ไม่ระบุ","B+","C+",659,"management"
"22-26","C","D+","D+","good","อาชีวะ","ไม่ระบุ","D","B",664,"hotel"
"22-26","D","B","C+","good","อาชีวะ","ไม่ระบุ","B","C",666,"computer"
"27-30","C+","C+","B+","excellent","สามัญ","ไม่ระบุ","C","B+",669,"hotel"
"22-26","C+","D+","D+","good","อาชีวะ","ไม่ระบุ","B","B+",672,"computer"
"27-30","A","B+","B+","excellent","สามัญ","ไม่ระบุ","C","C",674,"computer"
"22-26","C","D","B","excellent","สามัญ","ไม่ระบุ","C","D+",675,"management"
"17-21","B","B","B+","medium","สามัญ","ไม่ระบุ","A","C+",678,"computer"
"17-21","A","C+","C+","good","อาชีวะ","ไม่ระบุ","D+","B",679,"management"
"27-30","A","D+","B","low","สามัญ","ไม่ระบุ","C","B+",681,"hotel"
"17-21","A","B+","B+","excellent","สามัญ","ไม่ระบุ","C+","B+",683,"marketing"
"22-26","C+","A","B+","good","สามัญ","ไม่ระบุ","A","A",685,"hotel"
"17-21","C","D+","B","good","สามัญ","ไม่ระบุ","C","B+",687,"computer"
"17-21","B+","C","C","excellent","อาชีวะ","ไม่ระบุ","D+","B",692,"management"
"27-30","A","C","B+","good","สามัญ","ไม่ระบุ","C","C",695,"computer"
"22-26","A","B+","B+","excellent","สามัญ","ไม่ระบุ","C","C",698,"computer"
"22-26","B+","B+","C+","good","สามัญ","ไม่ระบุ","B","C",702,"computer"
"17-21","B","D+","D+","excellent","สามัญ","ไม่ระบุ","B","B+",703,"hotel"
"17-21","B+","C","B","good","อาชีวะ","ไม่ระบุ","B+","A",706,"computer"
"27-30","D+","C","C","medium","อาชีวะ","ไม่ระบุ","B","C",707,"management"
"27-30","B","A","A","good","อาชีวะ","ไม่ระบุ","A","A",710,"marketing"
"22-26","B+","A","A","medium","อาชีวะ","ไม่ระบุ","A","C+",715,"computer"
"27-30","C+","C","C","excellent","สามัญ","ไม่ระบุ","D+","D",724,"hotel"
"27-30","B+","C","C","excellent","สามัญ","ไม่ระบุ","B","B+",730,"hotel"
"17-21","C","D+","B","medium","สามัญ","ไม่ระบุ","B+","A",733,"management"
"22-26","A","C","C+","excellent","อาชีวะ","ไม่ระบุ","D+","D",734,"computer"
"27-30","B+","B+","C+","excellent","อาชีวะ","ไม่ระบุ","B","A",740,"marketing"
"27-30","B+","C","B+","excellent","สามัญ","ไม่ระบุ","C","C",741,"computer"
"22-26","A","C+","C+","excellent","สามัญ","ไม่ระบุ","D+","D",742,"computer"
"17-21","C","C","B","good","สามัญ","ไม่ระบุ","B+","A",743,"marketing"
"17-21","C+","B+","C+","excellent","สามัญ","ไม่ระบุ","B","A",744,"management"
"17-21","C+","B","C+","good","สามัญ","ไม่ระบุ","D+","B",749,"hotel"
"17-21","B+","D+","D+","good","อาชีวะ","ไม่ระบุ","B","C",751,"computer"
"27-30","A","C+","C+","excellent","อาชีวะ","ไม่ระบุ","B","C",753,"computer"
"27-30","B+","D","B","good","อาชีวะ","ไม่ระบุ","B+","A",756,"hotel"
"17-21","A","B","B+","good","อาชีวะ","ไม่ระบุ","C","B+",757,"marketing"
"17-21","B+","B+","B+","good","อาชีวะ","ไม่ระบุ","A","C+",759,"computer"
"22-26","B","C+","C+","excellent","อาชีวะ","ไม่ระบุ","B","B+",762,"hotel"
"17-21","C+","B+","B+","medium","สามัญ","ไม่ระบุ","C","B+",763,"management"
"17-21","A","C","C+","excellent","อาชีวะ","ไม่ระบุ","D+","D",770,"hotel"
"27-30","C","B+","C+","good","อาชีวะ","ไม่ระบุ","D+","D+",772,"computer"
"27-30","A","B","B+","excellent","สามัญ","ไม่ระบุ","C","C",774,"computer"
"27-30","C","D+","D","medium","สามัญ","ไม่ระบุ","B","C",775,"management"
"17-21","C","B+","C+","excellent","อาชีวะ","ไม่ระบุ","D+","D+",782,"computer"
"17-21","A","B","B+","medium","อาชีวะ","ไม่ระบุ","A","A",785,"marketing"
"27-30","B+","B+","C+","good","สามัญ","ไม่ระบุ","B","A",787,"marketing"
"17-21","C","B","B+","medium","อาชีวะ","ไม่ระบุ","C","B+",788,"hotel"
"27-30","C","C","C","good","อาชีวะ","ไม่ระบุ","D+","D",792,"management"
"27-30","B+","C+","B+","excellent","สามัญ","ไม่ระบุ","A","C+",793,"computer"
"27-30","C+","B+","B+","medium","สามัญ","ไม่ระบุ","A","A",794,"hotel"
"27-30","D+","B","C+","excellent","สามัญ","ไม่ระบุ","B","C",801,"computer"
"27-30","C","B","C+","good","อาชีวะ","ไม่ระบุ","B","C",812,"computer"
"22-26","C+","D+","B","good","สามัญ","ไม่ระบุ","C","B+",814,"hotel"
"27-30","B+","B","B+","excellent","อาชีวะ","ไม่ระบุ","C","B+",818,"marketing"
"27-30","C","B+","C+","good","อาชีวะ","ไม่ระบุ","B","A",821,"hotel"
"17-21","C","B+","B+","excellent","อาชีวะ","ไม่ระบุ","C","C",825,"computer"
"17-21","B+","C+","B+","excellent","สามัญ","ไม่ระบุ","A","C+",835,"computer"
"27-30","D","D+","B","medium","อาชีวะ","ไม่ระบุ","C","D+",837,"computer"
"27-30","C+","D+","D+","good","อาชีวะ","ไม่ระบุ","D","D",838,"management"
"17-21","B+","B","C+","low","อาชีวะ","ไม่ระบุ","B","A",839,"marketing"
"27-30","C","C","B+","excellent","อาชีวะ","ไม่ระบุ","A","A",843,"hotel"
"27-30","C","D+","B","excellent","สามัญ","ไม่ระบุ","B+","A",845,"hotel"
"27-30","C+","B+","B+","good","สามัญ","ไม่ระบุ","A","C+",851,"marketing"
"27-30","C","D+","D","good","อาชีวะ","ไม่ระบุ","D","D",854,"management"
"27-30","A","B","C+","medium","อาชีวะ","ไม่ระบุ","D+","D",855,"computer"
"17-21","C","B+","C+","medium","อาชีวะ","ไม่ระบุ","D+","D+",857,"computer"
"22-26","A","C+","B+","excellent","สามัญ","ไม่ระบุ","A","A",859,"hotel"
"17-21","B+","B+","C+","excellent","อาชีวะ","ไม่ระบุ","B","C",865,"computer"
"17-21","C","C","C","good","อาชีวะ","ไม่ระบุ","D+","D",867,"management"
"17-21","B","C","B+","good","สามัญ","ไม่ระบุ","C","B+",870,"hotel"
"17-21","C","B+","C+","excellent","อาชีวะ","ไม่ระบุ","B","C",871,"computer"
"27-30","C+","B+","C+","excellent","สามัญ","ไม่ระบุ","B","C",872,"computer"
"22-26","B+","B+","B+","good","อาชีวะ","ไม่ระบุ","C","C",876,"computer"
"17-21","D","D+","D","excellent","สามัญ","ไม่ระบุ","D","B",878,"hotel"
"27-30","B","B","B+","low","อาชีวะ","ไม่ระบุ","A","A",879,"marketing"
"27-30","A","C","C","excellent","สามัญ","ไม่ระบุ","B","C",890,"computer"
"22-26","A","C+","C+","excellent","อาชีวะ","ไม่ระบุ","B","B+",892,"hotel"
"17-21","C","C","B","good","อาชีวะ","ไม่ระบุ","C","D+",894,"management"
"17-21","B+","B+","C+","medium","สามัญ","ไม่ระบุ","B","C",895,"computer"
"17-21","C+","D+","D+","good","สามัญ","ไม่ระบุ","B","C",896,"management"
"22-26","B+","B","C+","medium","อาชีวะ","ไม่ระบุ","B","C",898,"computer"
"27-30","B+","C","B+","medium","สามัญ","ไม่ระบุ","C","C",901,"computer"
"22-26","A","C","C","good","สามัญ","ไม่ระบุ","B","C",902,"computer"
"27-30","C+","D+","D+","good","อาชีวะ","ไม่ระบุ","B","C",908,"management"
"17-21","C+","B+","B+","good","สามัญ","ไม่ระบุ","A","C+",911,"computer"
"22-26","B+","B","B+","good","สามัญ","ไม่ระบุ","A","A",915,"marketing"
"17-21","A","D+","B","good","อาชีวะ","ไม่ระบุ","C","D+",916,"computer"
"17-21","B","A","A","good","สามัญ","ไม่ระบุ","C+","B+",918,"marketing"
"17-21","A","C","B","medium","อาชีวะ","ไม่ระบุ","B+","C+",919,"hotel"
"27-30","B","C","C","excellent","สามัญ","ไม่ระบุ","D+","D",921,"computer"
"22-26","C","C","B+","medium","อาชีวะ","ไม่ระบุ","B+","C+",925,"management"
"22-26","A","D","D","good","สามัญ","ไม่ระบุ","D","B",928,"hotel"
"17-21","B+","C","B+","good","สามัญ","ไม่ระบุ","C","B+",931,"hotel"
"22-26","C","B+","C+","good","อาชีวะ","ไม่ระบุ","D+","D+",932,"computer"
"22-26","D","C","B","good","สามัญ","ไม่ระบุ","B+","C+",933,"management"
"17-21","A","B","B+","good","สามัญ","ไม่ระบุ","C","C",935,"computer"
"22-26","D+","D+","B","excellent","อาชีวะ","ไม่ระบุ","B+","C",938,"management"
"22-26","C","C","B+","medium","อาชีวะ","ไม่ระบุ","B+","A",940,"hotel"
"27-30","B+","B","C+","good","อาชีวะ","ไม่ระบุ","B","C",941,"computer"
"27-30","C","B+","C+","excellent","อาชีวะ","ไม่ระบุ","D+","B",942,"hotel"
"27-30","B+","B+","C+","excellent","สามัญ","ไม่ระบุ","D+","B",944,"marketing"
"17-21","B+","C","C","good","อาชีวะ","ไม่ระบุ","D+","B",949,"management"
"22-26","A","C","C+","good","สามัญ","ไม่ระบุ","D+","D",951,"computer"
"17-21","B+","D","B","good","สามัญ","ไม่ระบุ","B+","A",952,"hotel"
"27-30","C","D+","B","good","อาชีวะ","ไม่ระบุ","C","B+",953,"hotel"
"27-30","D","B+","C+","low","อาชีวะ","ไม่ระบุ","D+","D",961,"computer"
"27-30","B+","C","B","good","อาชีวะ","ไม่ระบุ","B+","C+",967,"computer"
"22-26","B","C","C","good","อาชีวะ","ไม่ระบุ","B","C",970,"computer"
"17-21","B+","C","C","medium","สามัญ","ไม่ระบุ","B","B+",975,"hotel"
"22-26","C","C","C","good","อาชีวะ","ไม่ระบุ","B","B+",976,"hotel"
"17-21","B+","B+","B+","good","สามัญ","ไม่ระบุ","A","A",988,"marketing"
"22-26","B+","B","B+","excellent","สามัญ","ไม่ระบุ","A","C+",995,"computer"
"17-21","A","B","C+","good","อาชีวะ","กรุงเทพมหานคร","B","C",1,"computer"
"27-30","B+","B","B+","good","อาชีวะ","กรุงเทพมหานคร","C","B+",2,"marketing"
"22-26","C+","B","C+","excellent","สามัญ","กรุงเทพมหานคร","D+","D",14,"computer"
"17-21","D","B+","B+","good","อาชีวะ","กรุงเทพมหานคร","C","B+",23,"hotel"
"17-21","D+","B+","B+","good","อาชีวะ","กรุงเทพมหานคร","A","A",24,"hotel"
"22-26","B","B+","C+","medium","อาชีวะ","กรุงเทพมหานคร","D+","D+",25,"computer"
"27-30","C+","C","D+","excellent","สามัญ","กรุงเทพมหานคร","B","C",26,"management"
"27-30","C","B+","C+","good","สามัญ","กรุงเทพมหานคร","B","A",29,"hotel"
"17-21","A","B","B+","excellent","อาชีวะ","กรุงเทพมหานคร","C","B+",39,"marketing"
"17-21","B","C","D+","good","อาชีวะ","กรุงเทพมหานคร","B","C",46,"computer"
"27-30","B","B+","C+","excellent","สามัญ","กรุงเทพมหานคร","D+","B",48,"marketing"
"27-30","A","B+","C+","good","สามัญ","กรุงเทพมหานคร","B","C",49,"computer"
"27-30","C","B+","C+","medium","สามัญ","กรุงเทพมหานคร","D+","D+",51,"computer"
"17-21","B+","A","C+","medium","สามัญ","กรุงเทพมหานคร","B+","C",56,"computer"
"27-30","D","D+","B","excellent","สามัญ","กรุงเทพมหานคร","B+","A",57,"hotel"
"27-30","B","B+","B+","medium","อาชีวะ","กรุงเทพมหานคร","C","C",60,"computer"
"17-21","C","A","B+","low","สามัญ","กรุงเทพมหานคร","C+","B+",61,"hotel"
"27-30","B+","A","A","medium","อาชีวะ","กรุงเทพมหานคร","A","C+",63,"computer"
"27-30","A","D+","D+","good","อาชีวะ","กรุงเทพมหานคร","B","B+",64,"hotel"
"27-30","D","C","B+","good","อาชีวะ","กรุงเทพมหานคร","B+","C+",69,"management"
"27-30","A","B","C+","good","อาชีวะ","กรุงเทพมหานคร","B","C",71,"computer"
"17-21","A","B+","B+","good","อาชีวะ","กรุงเทพมหานคร","A","A",79,"hotel"
"17-21","C+","B+","B+","medium","สามัญ","กรุงเทพมหานคร","A","C+",80,"computer"
"27-30","B+","B+","B+","medium","อาชีวะ","กรุงเทพมหานคร","C","C",82,"computer"
"22-26","C","B+","C+","medium","อาชีวะ","กรุงเทพมหานคร","B","C",84,"management"
"22-26","A","D+","B","good","สามัญ","กรุงเทพมหานคร","B+","A",88,"hotel"
"17-21","C+","B+","B+","excellent","สามัญ","กรุงเทพมหานคร","C","B+",91,"hotel"
"22-26","B+","B+","C+","good","อาชีวะ","กรุงเทพมหานคร","C","B",93,"marketing"
"22-26","A","D+","D+","good","สามัญ","กรุงเทพมหานคร","D","D",95,"computer"
"17-21","C","D+","D+","good","อาชีวะ","กรุงเทพมหานคร","D","D",96,"management"
"22-26","D","B+","B+","low","สามัญ","กรุงเทพมหานคร","C","B+",99,"management"
"17-21","C","B","B+","medium","อาชีวะ","กรุงเทพมหานคร","C","C",106,"computer"
"22-26","A","B","B+","excellent","อาชีวะ","กรุงเทพมหานคร","C","B+",109,"marketing"
"17-21","C","A","B+","excellent","สามัญ","กรุงเทพมหานคร","A","A",110,"management"
"17-21","A","B+","C+","excellent","สามัญ","กรุงเทพมหานคร","B","C",111,"computer"
"17-21","A","A","A","medium","อาชีวะ","กรุงเทพมหานคร","A","C+",112,"computer"
"17-21","B+","C","B+","medium","อาชีวะ","กรุงเทพมหานคร","C","C",114,"computer"
"17-21","D+","B","B+","good","สามัญ","กรุงเทพมหานคร","C","B+",116,"hotel"
"17-21","C+","A","C+","medium","อาชีวะ","กรุงเทพมหานคร","B+","A",118,"hotel"
"27-30","D+","B+","B+","good","อาชีวะ","กรุงเทพมหานคร","A","A",120,"management"
"27-30","C+","B","C+","excellent","อาชีวะ","กรุงเทพมหานคร","B","B+",121,"hotel"
"17-21","C","C","B","medium","สามัญ","กรุงเทพมหานคร","C","B+",122,"hotel"
"22-26","A","C+","B+","good","สามัญ","กรุงเทพมหานคร","A","C+",125,"computer"
"27-30","B+","D+","D+","good","สามัญ","กรุงเทพมหานคร","D","D",126,"computer"
"22-26","A","B+","B+","good","อาชีวะ","กรุงเทพมหานคร","A","C+",127,"management"
"22-26","C+","C","B+","good","สามัญ","กรุงเทพมหานคร","B+","C+",128,"management"
"27-30","B+","B+","C+","good","อาชีวะ","กรุงเทพมหานคร","D+","D+",129,"computer"
"17-21","C","B","B+","low","อาชีวะ","กรุงเทพมหานคร","C","C",130,"computer"
"22-26","A","C+","B+","medium","อาชีวะ","กรุงเทพมหานคร","C","B+",139,"hotel"
"17-21","C","C","C","good","อาชีวะ","กรุงเทพมหานคร","D+","D",140,"management"
"17-21","C+","C","B+","low","อาชีวะ","กรุงเทพมหานคร","C","B+",141,"hotel"
"22-26","C+","B+","B+","medium","อาชีวะ","กรุงเทพมหานคร","C","B+",142,"hotel"
"27-30","C","B+","B+","medium","อาชีวะ","กรุงเทพมหานคร","C","C",144,"management"
"17-21","A","B+","C+","medium","อาชีวะ","กรุงเทพมหานคร","C","D+",146,"computer"
"17-21","C","B+","C+","good","อาชีวะ","กรุงเทพมหานคร","D+","D+",148,"computer"
"17-21","C+","C","C","medium","อาชีวะ","กรุงเทพมหานคร","B","C",149,"management"
"27-30","C+","B+","C+","good","สามัญ","กรุงเทพมหานคร","D+","B",151,"hotel"
"27-30","C+","C+","B+","good","สามัญ","กรุงเทพมหานคร","C","B+",153,"hotel"
"17-21","A","B+","B+","good","อาชีวะ","กรุงเทพมหานคร","C","B+",157,"marketing"
"22-26","B+","B","B+","good","อาชีวะ","กรุงเทพมหานคร","A","C+",163,"computer"
"27-30","A","D+","B","good","สามัญ","กรุงเทพมหานคร","B+","C",166,"computer"
"27-30","A","C+","B+","medium","อาชีวะ","กรุงเทพมหานคร","C","C",175,"computer"
"22-26","C","B","C+","excellent","อาชีวะ","กรุงเทพมหานคร","B","A",178,"hotel"
"17-21","A","A","A","good","สามัญ","กรุงเทพมหานคร","C+","B+",179,"marketing"
"17-21","C","B","B+","good","สามัญ","กรุงเทพมหานคร","C","B+",186,"management"
"17-21","B+","C","B+","good","อาชีวะ","กรุงเทพมหานคร","B+","A",188,"marketing"
"27-30","D","B+","C+","good","สามัญ","กรุงเทพมหานคร","D+","D+",191,"computer"
"27-30","B","C+","C+","low","อาชีวะ","กรุงเทพมหานคร","B","C",192,"computer"
"17-21","A","C","C","good","อาชีวะ","กรุงเทพมหานคร","B","C",193,"management"
"17-21","C+","B+","C+","excellent","อาชีวะ","กรุงเทพมหานคร","D+","D+",198,"computer"
"22-26","C+","C","C","excellent","อาชีวะ","กรุงเทพมหานคร","D+","D",200,"management"
"27-30","B+","B+","C+","good","สามัญ","กรุงเทพมหานคร","B","A",201,"marketing"
"22-26","C","B","C+","low","สามัญ","กรุงเทพมหานคร","B","B+",203,"hotel"
"22-26","A","C","C","good","สามัญ","กรุงเทพมหานคร","B","B+",208,"hotel"
"27-30","D+","C+","B+","medium","อาชีวะ","กรุงเทพมหานคร","C","B+",212,"hotel"
"17-21","B+","B+","C+","good","สามัญ","กรุงเทพมหานคร","D+","B",213,"marketing"
"17-21","B+","B","C+","good","อาชีวะ","กรุงเทพมหานคร","D+","B",214,"marketing"
"27-30","B+","C","C","good","สามัญ","กรุงเทพมหานคร","D","B",216,"marketing"
"17-21","B","A","B+","excellent","สามัญ","กรุงเทพมหานคร","A","A",218,"marketing"
"17-21","C","B+","C+","excellent","อาชีวะ","กรุงเทพมหานคร","B","A",227,"hotel"
"22-26","A","B","B+","medium","สามัญ","กรุงเทพมหานคร","C","C",229,"hotel"
"27-30","C","B+","B+","good","สามัญ","กรุงเทพมหานคร","A","A",230,"hotel"
"17-21","A","C","C+","good","สามัญ","กรุงเทพมหานคร","B","C",231,"computer"
"17-21","A","B+","B+","good","อาชีวะ","กรุงเทพมหานคร","A","A",233,"marketing"
"27-30","C+","B","B+","good","อาชีวะ","กรุงเทพมหานคร","C","B+",240,"hotel"
"22-26","D+","C+","C+","medium","สามัญ","กรุงเทพมหานคร","B","C",243,"management"
"27-30","B+","C","B+","good","อาชีวะ","กรุงเทพมหานคร","C","B+",246,"hotel"
"27-30","B","D+","D+","excellent","สามัญ","กรุงเทพมหานคร","B","B+",247,"hotel"
"27-30","B+","B+","B+","excellent","อาชีวะ","กรุงเทพมหานคร","A","A",249,"marketing"
"17-21","C+","B+","B+","good","สามัญ","กรุงเทพมหานคร","C","C",250,"computer"
"22-26","A","D+","D+","good","อาชีวะ","กรุงเทพมหานคร","D","B",252,"hotel"
"27-30","A","C","C","good","อาชีวะ","กรุงเทพมหานคร","D+","B",256,"hotel"
"27-30","C+","A","C+","medium","สามัญ","กรุงเทพมหานคร","C","D+",259,"computer"
"22-26","C","C+","C+","good","อาชีวะ","กรุงเทพมหานคร","D+","D",266,"management"
"17-21","C+","C","B+","excellent","อาชีวะ","กรุงเทพมหานคร","C","B+",271,"hotel"
"17-21","B+","D+","B","good","สามัญ","กรุงเทพมหานคร","C","B+",273,"hotel"
"17-21","B+","B+","B+","excellent","สามัญ","กรุงเทพมหานคร","C","B+",275,"management"
"17-21","A","C","C+","excellent","อาชีวะ","กรุงเทพมหานคร","D+","B",276,"hotel"
"27-30","A","A","A","excellent","สามัญ","กรุงเทพมหานคร","A","C+",278,"computer"
"22-26","B","B","C+","medium","สามัญ","กรุงเทพมหานคร","B","C",289,"computer"
"27-30","A","D","B","good","อาชีวะ","กรุงเทพมหานคร","B+","A",290,"hotel"
"27-30","C+","B+","C+","medium","สามัญ","กรุงเทพมหานคร","D+","D+",296,"marketing"
"27-30","B+","C","C","good","อาชีวะ","กรุงเทพมหานคร","D+","B",300,"hotel"
"27-30","D+","B+","B+","good","อาชีวะ","กรุงเทพมหานคร","C","C",306,"computer"
"22-26","C","C+","B+","excellent","สามัญ","กรุงเทพมหานคร","C","B+",309,"hotel"
"27-30","B+","B+","C+","good","สามัญ","กรุงเทพมหานคร","D+","D+",310,"computer"
"27-30","C","B","C+","good","สามัญ","กรุงเทพมหานคร","B","C",312,"computer"
"22-26","C+","B","B+","medium","อาชีวะ","กรุงเทพมหานคร","C","C",313,"computer"
"27-30","B+","C","B+","good","สามัญ","กรุงเทพมหานคร","C","B+",317,"hotel"
"27-30","B+","A","C+","good","อาชีวะ","กรุงเทพมหานคร","C","B+",318,"management"
"27-30","A","C+","C+","good","อาชีวะ","กรุงเทพมหานคร","D+","D",320,"computer"
"27-30","B+","B","C+","good","อาชีวะ","กรุงเทพมหานคร","B","B+",326,"marketing"
"17-21","D","C+","C+","medium","สามัญ","กรุงเทพมหานคร","B","B+",328,"hotel"
"17-21","C","B+","C+","good","อาชีวะ","กรุงเทพมหานคร","D+","B",330,"hotel"
"17-21","B","B+","B+","excellent","อาชีวะ","กรุงเทพมหานคร","A","C+",331,"computer"
"17-21","D+","C","C","good","สามัญ","กรุงเทพมหานคร","D+","B",333,"hotel"
"17-21","B+","B","C+","good","สามัญ","กรุงเทพมหานคร","B","C",335,"computer"
"17-21","C","C","C","excellent","อาชีวะ","กรุงเทพมหานคร","D+","B",340,"hotel"
"17-21","A","C","C","good","สามัญ","กรุงเทพมหานคร","D+","B",343,"hotel"
"27-30","A","B","C+","medium","สามัญ","กรุงเทพมหานคร","B","C",348,"computer"
"27-30","A","B+","B+","good","อาชีวะ","กรุงเทพมหานคร","A","C+",350,"computer"
"22-26","B","B+","C+","excellent","อาชีวะ","กรุงเทพมหานคร","D+","B",357,"marketing"
"27-30","D","B+","B+","excellent","สามัญ","กรุงเทพมหานคร","C","C",359,"computer"
"17-21","B+","D","D","excellent","สามัญ","กรุงเทพมหานคร","B","C",360,"computer"
"27-30","B","B","C+","medium","อาชีวะ","กรุงเทพมหานคร","B","B+",365,"marketing"
"17-21","B+","C","B+","good","อาชีวะ","กรุงเทพมหานคร","B+","C+",367,"computer"
"17-21","C+","C","B+","good","อาชีวะ","กรุงเทพมหานคร","C","C",369,"management"
"22-26","C","C","B+","medium","อาชีวะ","กรุงเทพมหานคร","B+","C+",370,"management"
"22-26","A","B","B+","good","อาชีวะ","กรุงเทพมหานคร","A","A",373,"marketing"
"27-30","C+","C+","C+","good","สามัญ","กรุงเทพมหานคร","B","B+",374,"hotel"
"27-30","C+","C+","B+","good","สามัญ","กรุงเทพมหานคร","A","A",376,"hotel"
"22-26","B+","C","B+","excellent","สามัญ","กรุงเทพมหานคร","C","B+",383,"hotel"
"22-26","B+","D+","D+","excellent","สามัญ","กรุงเทพมหานคร","D","D",387,"computer"
"17-21","D+","C+","C+","excellent","สามัญ","กรุงเทพมหานคร","B","B+",388,"hotel"
"27-30","C+","B+","C+","excellent","อาชีวะ","กรุงเทพมหานคร","D+","B",390,"hotel"
"17-21","A","B+","B+","medium","อาชีวะ","กรุงเทพมหานคร","A","C+",392,"marketing"
"22-26","B+","D+","D+","excellent","อาชีวะ","กรุงเทพมหานคร","D","B",396,"hotel"
"17-21","A","D+","D+","good","อาชีวะ","กรุงเทพมหานคร","D","B",399,"hotel"
"22-26","B+","B","C+","excellent","อาชีวะ","กรุงเทพมหานคร","D+","B",400,"marketing"
"27-30","B+","C","C","low","อาชีวะ","กรุงเทพมหานคร","B","C",401,"computer"
"17-21","C+","C","C","good","สามัญ","กรุงเทพมหานคร","D+","B",403,"hotel"
"17-21","A","B+","C+","excellent","สามัญ","กรุงเทพมหานคร","B","C",409,"computer"
"17-21","B+","B+","B+","excellent","อาชีวะ","กรุงเทพมหานคร","C","C",412,"computer"
"22-26","D","B+","B+","good","สามัญ","กรุงเทพมหานคร","A","C+",414,"computer"
"17-21","A","D+","B","excellent","อาชีวะ","กรุงเทพมหานคร","C","D+",415,"computer"
"27-30","C+","C","B+","excellent","สามัญ","กรุงเทพมหานคร","C","B+",418,"hotel"
"22-26","A","B","B+","good","สามัญ","กรุงเทพมหานคร","A","A",419,"hotel"
"17-21","C","B","C+","good","สามัญ","กรุงเทพมหานคร","D+","D",421,"marketing"
"22-26","B","D+","D+","medium","อาชีวะ","กรุงเทพมหานคร","B","B+",422,"hotel"
"22-26","D+","D","B","good","อาชีวะ","กรุงเทพมหานคร","B+","A",427,"hotel"
"17-21","B+","B+","C+","good","สามัญ","กรุงเทพมหานคร","D+","D+",437,"computer"
"22-26","C","B+","B+","excellent","สามัญ","กรุงเทพมหานคร","A","C+",445,"marketing"
"22-26","C","B+","C+","low","อาชีวะ","กรุงเทพมหานคร","D+","D+",448,"computer"
"22-26","B+","B+","C+","good","อาชีวะ","กรุงเทพมหานคร","D+","D+",455,"computer"
"17-21","B+","C","D+","excellent","สามัญ","กรุงเทพมหานคร","B","B+",457,"hotel"
"22-26","C","C","C","good","อาชีวะ","กรุงเทพมหานคร","B","B+",458,"hotel"
"22-26","C+","D+","D+","low","สามัญ","กรุงเทพมหานคร","B","C",461,"management"
"22-26","C+","B+","B+","good","อาชีวะ","กรุงเทพมหานคร","C","B+",464,"hotel"
"27-30","A","D+","B","excellent","สามัญ","กรุงเทพมหานคร","C","B+",466,"hotel"
"17-21","D","B","C+","excellent","สามัญ","กรุงเทพมหานคร","B","B+",467,"hotel"
"22-26","B+","C","D+","good","สามัญ","กรุงเทพมหานคร","D","D",469,"computer"
"27-30","B","D+","B","excellent","อาชีวะ","กรุงเทพมหานคร","B+","A",472,"computer"
"27-30","B+","B","C+","good","อาชีวะ","กรุงเทพมหานคร","D+","B",473,"marketing"
"17-21","B+","C","B+","excellent","อาชีวะ","กรุงเทพมหานคร","C","C",479,"management"
"27-30","A","B+","B+","medium","อาชีวะ","กรุงเทพมหานคร","C+","B+",480,"management"
"22-26","C+","B+","C+","good","อาชีวะ","กรุงเทพมหานคร","D+","D+",482,"computer"
"17-21","A","B+","B+","excellent","สามัญ","กรุงเทพมหานคร","C+","B+",485,"marketing"
"27-30","B+","C+","B+","good","อาชีวะ","กรุงเทพมหานคร","C","C",487,"computer"
"17-21","C","D","D","excellent","อาชีวะ","กรุงเทพมหานคร","B","B+",488,"hotel"
"22-26","C","A","B+","good","สามัญ","กรุงเทพมหานคร","A","A",489,"hotel"
"17-21","B+","B","B+","excellent","อาชีวะ","กรุงเทพมหานคร","A","A",492,"marketing"
"22-26","C","D+","D+","good","อาชีวะ","กรุงเทพมหานคร","B","C",496,"hotel"
"17-21","D","B+","B+","low","อาชีวะ","กรุงเทพมหานคร","A","A",498,"hotel"
"27-30","C","C+","C+","excellent","สามัญ","กรุงเทพมหานคร","D+","D",500,"management"
"27-30","C","C","B+","good","อาชีวะ","กรุงเทพมหานคร","B+","A",503,"hotel"
"17-21","C","A","C+","medium","สามัญ","กรุงเทพมหานคร","B+","A",508,"hotel"
"22-26","C+","B","C+","excellent","สามัญ","กรุงเทพมหานคร","D+","D",514,"computer"
"27-30","A","B+","B+","good","สามัญ","กรุงเทพมหานคร","C","C",518,"computer"
"22-26","C+","B","B+","excellent","อาชีวะ","กรุงเทพมหานคร","C","B+",524,"hotel"
"27-30","C+","C","C","good","สามัญ","กรุงเทพมหานคร","D+","D",527,"management"
"17-21","C","C+","C+","good","สามัญ","กรุงเทพมหานคร","B","C",529,"management"
"22-26","B","C","B","excellent","อาชีวะ","กรุงเทพมหานคร","B+","A",530,"hotel"
"27-30","B+","B","B+","good","สามัญ","กรุงเทพมหานคร","C","C",531,"management"
"17-21","A","B+","B+","medium","อาชีวะ","กรุงเทพมหานคร","C","B+",537,"marketing"
"22-26","A","C","B+","good","อาชีวะ","กรุงเทพมหานคร","A","A",540,"hotel"
"22-26","B+","A","A","excellent","อาชีวะ","กรุงเทพมหานคร","A","C+",542,"computer"
"27-30","B","D+","B","good","อาชีวะ","กรุงเทพมหานคร","B+","A",543,"management"
"27-30","D+","A","B+","low","อาชีวะ","กรุงเทพมหานคร","C+","B+",544,"hotel"
"17-21","A","B","B+","excellent","อาชีวะ","กรุงเทพมหานคร","A","A",546,"marketing"
"27-30","C","B+","C+","good","สามัญ","กรุงเทพมหานคร","D+","B",547,"hotel"
"27-30","B+","A","A","medium","สามัญ","กรุงเทพมหานคร","C+","C",548,"computer"
"27-30","B+","C","B+","good","สามัญ","กรุงเทพมหานคร","B+","C+",549,"computer"
"27-30","C","A","C+","good","สามัญ","กรุงเทพมหานคร","C","B+",552,"hotel"
"27-30","B+","B+","B+","medium","สามัญ","กรุงเทพมหานคร","A","A",553,"marketing"
"27-30","D","C","C","good","สามัญ","กรุงเทพมหานคร","D+","D",555,"management"
"17-21","C","C+","B+","good","สามัญ","กรุงเทพมหานคร","C","B+",561,"hotel"
"17-21","C+","D+","B","excellent","อาชีวะ","กรุงเทพมหานคร","B+","C",563,"management"
"27-30","C+","B+","B+","good","อาชีวะ","กรุงเทพมหานคร","A","A",569,"hotel"
"27-30","A","B","B+","good","อาชีวะ","กรุงเทพมหานคร","C","B+",570,"marketing"
"17-21","C","B+","C+","excellent","สามัญ","กรุงเทพมหานคร","B","A",571,"hotel"
"27-30","D+","C","B+","good","อาชีวะ","กรุงเทพมหานคร","B+","C+",578,"management"
"17-21","A","B","C+","good","สามัญ","กรุงเทพมหานคร","D+","D",579,"computer"
"27-30","C","B+","C+","good","อาชีวะ","กรุงเทพมหานคร","D+","B",588,"hotel"
"17-21","C+","C","B+","good","สามัญ","กรุงเทพมหานคร","B+","C+",591,"management"
"22-26","D","B+","B+","excellent","อาชีวะ","กรุงเทพมหานคร","A","A",596,"management"
"27-30","B+","C","D+","excellent","สามัญ","กรุงเทพมหานคร","D","D",598,"computer"
"27-30","A","B+","C+","medium","อาชีวะ","กรุงเทพมหานคร","D+","B",599,"marketing"
"22-26","D+","B","C+","excellent","สามัญ","กรุงเทพมหานคร","D+","B",603,"hotel"
"22-26","A","C","C","excellent","อาชีวะ","กรุงเทพมหานคร","B","B+",611,"computer"
"17-21","A","B+","B+","good","สามัญ","กรุงเทพมหานคร","C","C",612,"computer"
"27-30","C+","B+","C+","good","อาชีวะ","กรุงเทพมหานคร","D+","D+",615,"computer"
"17-21","B+","C","B+","good","อาชีวะ","กรุงเทพมหานคร","B+","A",617,"hotel"
"27-30","C","B+","C+","medium","สามัญ","กรุงเทพมหานคร","B","C",618,"computer"
"27-30","C+","B","C+","good","สามัญ","กรุงเทพมหานคร","D+","D",619,"computer"
"17-21","B+","B+","B+","medium","สามัญ","กรุงเทพมหานคร","A","A",620,"marketing"
"22-26","C","D+","B","good","อาชีวะ","กรุงเทพมหานคร","B+","C",623,"management"
"27-30","D+","B","C+","excellent","อาชีวะ","กรุงเทพมหานคร","B","B+",626,"hotel"
"17-21","B+","C","C","good","สามัญ","กรุงเทพมหานคร","B","C",630,"computer"
"27-30","C+","C","B+","good","อาชีวะ","กรุงเทพมหานคร","A","C+",632,"marketing"
"27-30","C","C","C","good","สามัญ","กรุงเทพมหานคร","D+","B",641,"hotel"
"17-21","B+","B","B+","good","อาชีวะ","กรุงเทพมหานคร","A","A",642,"marketing"
"22-26","B+","C","D+","medium","อาชีวะ","กรุงเทพมหานคร","D","B",644,"hotel"
"17-21","A","B+","B+","medium","อาชีวะ","กรุงเทพมหานคร","A","A",645,"hotel"
"17-21","C","C","D+","medium","อาชีวะ","กรุงเทพมหานคร","D","D",646,"management"
"17-21","A","C+","C+","good","อาชีวะ","กรุงเทพมหานคร","D+","B",649,"hotel"
"27-30","C","B","B+","excellent","อาชีวะ","กรุงเทพมหานคร","C","C",650,"computer"
"17-21","A","B+","B+","medium","อาชีวะ","กรุงเทพมหานคร","A","C+",653,"marketing"
"27-30","C","C","B+","good","อาชีวะ","กรุงเทพมหานคร","C","B+",656,"hotel"
"17-21","D","B","C+","excellent","สามัญ","กรุงเทพมหานคร","B","B+",658,"computer"
"22-26","B+","B+","C+","excellent","สามัญ","กรุงเทพมหานคร","D+","D+",661,"computer"
"27-30","C","A","B+","low","สามัญ","กรุงเทพมหานคร","C+","B+",662,"hotel"
"27-30","C","B","B+","good","อาชีวะ","กรุงเทพมหานคร","A","A",665,"hotel"
"17-21","D+","C","B","good","สามัญ","กรุงเทพมหานคร","C","D+",667,"management"
"27-30","B+","C","C","excellent","สามัญ","กรุงเทพมหานคร","D+","D",668,"computer"
"27-30","D","B","B+","good","สามัญ","กรุงเทพมหานคร","C","C",673,"computer"
"17-21","A","C+","C+","good","สามัญ","กรุงเทพมหานคร","D+","D",686,"marketing"
"17-21","B+","D+","D+","medium","อาชีวะ","กรุงเทพมหานคร","D","B",690,"hotel"
"27-30","D","D","D","medium","สามัญ","กรุงเทพมหานคร","B","C",691,"management"
"27-30","A","B+","C+","excellent","อาชีวะ","กรุงเทพมหานคร","B","A",699,"marketing"
"27-30","B","D+","B","good","อาชีวะ","กรุงเทพมหานคร","B+","A",708,"hotel"
"17-21","C","B+","C+","excellent","สามัญ","กรุงเทพมหานคร","D+","D+",712,"computer"
"17-21","B+","B+","C+","medium","สามัญ","กรุงเทพมหานคร","D+","D+",713,"computer"
"17-21","B+","C","D+","excellent","อาชีวะ","กรุงเทพมหานคร","B","B+",714,"hotel"
"17-21","C","B","B+","low","อาชีวะ","กรุงเทพมหานคร","A","A",716,"hotel"
"17-21","C+","C","B","excellent","สามัญ","กรุงเทพมหานคร","B+","A",719,"computer"
"22-26","C+","B","B+","excellent","อาชีวะ","กรุงเทพมหานคร","C","B+",720,"hotel"
"17-21","C+","A","B+","good","สามัญ","กรุงเทพมหานคร","C+","B+",723,"hotel"
"27-30","C","C","B+","excellent","สามัญ","กรุงเทพมหานคร","A","A",725,"hotel"
"17-21","B+","C","C","excellent","สามัญ","กรุงเทพมหานคร","B","C",726,"computer"
"17-21","B+","B","C+","medium","สามัญ","กรุงเทพมหานคร","B","C",729,"computer"
"17-21","B+","A","C+","excellent","สามัญ","กรุงเทพมหานคร","C","B+",736,"hotel"
"22-26","C","D+","B","good","สามัญ","กรุงเทพมหานคร","C","B+",739,"hotel"
"27-30","C+","B","B+","good","อาชีวะ","กรุงเทพมหานคร","C","C",748,"management"
"17-21","A","C","C","excellent","สามัญ","กรุงเทพมหานคร","D+","D",750,"computer"
"17-21","B+","B","B+","good","สามัญ","กรุงเทพมหานคร","A","C+",754,"computer"
"17-21","C+","D+","B","medium","สามัญ","กรุงเทพมหานคร","C","B+",755,"hotel"
"22-26","C+","B+","B+","excellent","อาชีวะ","กรุงเทพมหานคร","C","C",758,"computer"
"17-21","C","B+","C+","excellent","สามัญ","กรุงเทพมหานคร","B","A",766,"management"
"22-26","A","B+","B+","medium","อาชีวะ","กรุงเทพมหานคร","C","C",767,"computer"
"22-26","D+","B+","C+","excellent","อาชีวะ","กรุงเทพมหานคร","D+","B",769,"hotel"
"22-26","C","B+","B+","good","สามัญ","กรุงเทพมหานคร","C","C",773,"computer"
"22-26","C","B+","B+","excellent","สามัญ","กรุงเทพมหานคร","A","A",778,"hotel"
"22-26","D","D+","B","good","สามัญ","กรุงเทพมหานคร","C","B+",779,"hotel"
"22-26","D+","B+","C+","low","อาชีวะ","กรุงเทพมหานคร","B","A",783,"hotel"
"17-21","A","C","B+","good","สามัญ","กรุงเทพมหานคร","C","C",784,"marketing"
"27-30","B","C+","C+","excellent","อาชีวะ","กรุงเทพมหานคร","D+","B",789,"hotel"
"27-30","C","B+","C+","good","สามัญ","กรุงเทพมหานคร","D+","B",790,"hotel"
"27-30","D","D","B","excellent","สามัญ","กรุงเทพมหานคร","C","D+",796,"management"
"27-30","D","D+","D","good","สามัญ","กรุงเทพมหานคร","D","D",799,"computer"
"22-26","B+","C+","C+","excellent","สามัญ","กรุงเทพมหานคร","D+","B",800,"hotel"
"17-21","C","B+","B+","excellent","อาชีวะ","กรุงเทพมหานคร","C","C",802,"computer"
"22-26","B","D+","B","medium","อาชีวะ","กรุงเทพมหานคร","B+","A",804,"hotel"
"27-30","C+","C","D+","good","สามัญ","กรุงเทพมหานคร","B","C",805,"computer"
"17-21","A","B+","C+","medium","อาชีวะ","กรุงเทพมหานคร","D+","D+",806,"management"
"22-26","C","D+","B","good","สามัญ","กรุงเทพมหานคร","C","B+",807,"hotel"
"17-21","D","B+","B+","excellent","สามัญ","กรุงเทพมหานคร","C","C",810,"computer"
"22-26","A","B+","B+","excellent","อาชีวะ","กรุงเทพมหานคร","C","C",811,"computer"
"17-21","B+","C+","C+","good","สามัญ","กรุงเทพมหานคร","D+","B",813,"marketing"
"27-30","A","B+","B+","low","อาชีวะ","กรุงเทพมหานคร","C","C",815,"computer"
"17-21","D+","D+","D","good","อาชีวะ","กรุงเทพมหานคร","D","D",817,"management"
"17-21","D+","A","B+","excellent","อาชีวะ","กรุงเทพมหานคร","A","A",823,"computer"
"22-26","C+","B+","C+","excellent","สามัญ","กรุงเทพมหานคร","D+","B",824,"hotel"
"22-26","B+","B+","B+","excellent","อาชีวะ","กรุงเทพมหานคร","C","B+",826,"marketing"
"27-30","B+","B+","C+","good","สามัญ","กรุงเทพมหานคร","B","C",827,"computer"
"27-30","B+","B","B+","excellent","อาชีวะ","กรุงเทพมหานคร","A","A",828,"hotel"
"27-30","A","D+","B","medium","สามัญ","กรุงเทพมหานคร","B+","C+",830,"management"
"27-30","C","C","B","good","อาชีวะ","กรุงเทพมหานคร","B+","A",832,"computer"
"22-26","C+","B+","C+","medium","สามัญ","กรุงเทพมหานคร","D+","D+",836,"computer"
"27-30","A","C","C","good","อาชีวะ","กรุงเทพมหานคร","B","B+",842,"hotel"
"27-30","A","C","B+","good","สามัญ","กรุงเทพมหานคร","A","C+",844,"computer"
"22-26","C+","A","B+","good","อาชีวะ","กรุงเทพมหานคร","C+","B+",848,"hotel"
"22-26","C+","B","C+","good","สามัญ","กรุงเทพมหานคร","B","C",850,"computer"
"27-30","D+","B","C+","good","อาชีวะ","กรุงเทพมหานคร","B","B+",853,"hotel"
"17-21","C+","C","B","excellent","อาชีวะ","กรุงเทพมหานคร","B+","A",863,"hotel"
"22-26","B+","C","D+","medium","สามัญ","กรุงเทพมหานคร","D","B",868,"hotel"
"17-21","B+","B+","B+","good","อาชีวะ","กรุงเทพมหานคร","A","A",873,"hotel"
"27-30","A","C+","B+","excellent","อาชีวะ","กรุงเทพมหานคร","A","C+",880,"computer"
"17-21","B+","D+","B","medium","อาชีวะ","กรุงเทพมหานคร","B+","C",883,"computer"
"17-21","A","B+","B+","good","สามัญ","กรุงเทพมหานคร","A","C+",885,"computer"
"27-30","B+","C","B+","medium","สามัญ","กรุงเทพมหานคร","A","A",891,"hotel"
"17-21","C+","B+","C+","good","อาชีวะ","กรุงเทพมหานคร","D+","B",899,"hotel"
"27-30","A","B+","C+","good","สามัญ","กรุงเทพมหานคร","B","A",900,"marketing"
"17-21","C+","C","C","good","สามัญ","กรุงเทพมหานคร","B","C",907,"management"
"17-21","A","B+","B+","excellent","อาชีวะ","กรุงเทพมหานคร","C","B+",910,"management"
"27-30","B","A","A","good","สามัญ","กรุงเทพมหานคร","A","C+",912,"computer"
"27-30","B+","D+","B","good","สามัญ","กรุงเทพมหานคร","C","B+",917,"computer"
"22-26","C+","B+","B+","low","สามัญ","กรุงเทพมหานคร","A","C+",920,"computer"
"22-26","A","C","C","good","สามัญ","กรุงเทพมหานคร","D+","D",922,"computer"
"17-21","D","C","C","excellent","สามัญ","กรุงเทพมหานคร","B","C",923,"hotel"
"27-30","D","C","C","excellent","สามัญ","กรุงเทพมหานคร","D+","B",924,"hotel"
"27-30","D+","D+","D","excellent","สามัญ","กรุงเทพมหานคร","D","B",930,"hotel"
"17-21","B","B","C+","excellent","สามัญ","กรุงเทพมหานคร","D+","B",936,"marketing"
"27-30","C+","B","C+","medium","สามัญ","กรุงเทพมหานคร","B","C",937,"computer"
"17-21","B","C+","C+","excellent","สามัญ","กรุงเทพมหานคร","B","C",945,"computer"
"17-21","C","D+","D+","excellent","สามัญ","กรุงเทพมหานคร","B","C",946,"management"
"27-30","C","B","B+","low","อาชีวะ","กรุงเทพมหานคร","C","B+",948,"computer"
"22-26","B+","B","B+","excellent","สามัญ","กรุงเทพมหานคร","C","B+",950,"marketing"
"27-30","C","D+","B","excellent","สามัญ","กรุงเทพมหานคร","B+","A",954,"hotel"
"22-26","C","B+","B+","good","สามัญ","กรุงเทพมหานคร","C","B+",955,"hotel"
"17-21","B","C","C","medium","สามัญ","กรุงเทพมหานคร","B","B+",958,"hotel"
"17-21","C+","C","B+","low","อาชีวะ","กรุงเทพมหานคร","C","B+",966,"marketing"
"27-30","D+","C","D+","good","สามัญ","กรุงเทพมหานคร","D","D",968,"management"
"22-26","C+","A","C+","good","สามัญ","กรุงเทพมหานคร","B+","A",977,"computer"
"17-21","C+","C","C","good","สามัญ","กรุงเทพมหานคร","D+","B",983,"hotel"
"27-30","C","B","B+","good","อาชีวะ","กรุงเทพมหานคร","C","C",984,"computer"
"17-21","B+","C","C+","good","สามัญ","กรุงเทพมหานคร","D+","D",985,"management"
"27-30","B+","B","B+","excellent","สามัญ","กรุงเทพมหานคร","C","C",989,"computer"
"17-21","B+","B+","C+","good","สามัญ","กรุงเทพมหานคร","C","D+",990,"computer"
"22-26","B+","B","B+","medium","อาชีวะ","กรุงเทพมหานคร","A","C+",991,"computer"
"27-30","C+","C","C","good","อาชีวะ","กรุงเทพมหานคร","B","C",997,"management"
"22-26","C+","B+","C+","good","อาชีวะ","กรุงเทพมหานคร","B","A",998,"hotel"
"17-21","B+","A","C+","good","สามัญ","กรุงเทพมหานคร","C","B+",999,"marketing"
"17-21","B+","B+","C+","excellent","อาชีวะ","ต่างจังหวัด","C","B",3,"management"
"17-21","D","D+","B","medium","สามัญ","ต่างจังหวัด","B+","C",4,"management"
"22-26","A","B+","B+","good","อาชีวะ","ต่างจังหวัด","A","C+",5,"computer"
"22-26","A","B+","B+","medium","อาชีวะ","ต่างจังหวัด","C","C",8,"hotel"
"27-30","A","C","C+","excellent","สามัญ","ต่างจังหวัด","B","B+",20,"hotel"
"17-21","B","C+","C+","excellent","อาชีวะ","ต่างจังหวัด","D+","B",27,"hotel"
"22-26","C","B+","B+","good","อาชีวะ","ต่างจังหวัด","A","C+",28,"computer"
"22-26","C+","B","C+","good","อาชีวะ","ต่างจังหวัด","B","B+",31,"hotel"
"22-26","A","B+","C+","good","สามัญ","ต่างจังหวัด","D+","D+",32,"computer"
"17-21","B+","C+","C+","excellent","อาชีวะ","ต่างจังหวัด","D+","B",33,"hotel"
"17-21","B+","B+","B+","medium","อาชีวะ","ต่างจังหวัด","C","C",34,"computer"
"17-21","B+","B","B+","excellent","อาชีวะ","ต่างจังหวัด","C","C",38,"computer"
"27-30","C","B","B+","good","อาชีวะ","ต่างจังหวัด","C","B+",40,"hotel"
"22-26","B+","C+","B+","excellent","สามัญ","ต่างจังหวัด","A","A",41,"hotel"
"22-26","C+","C","D+","excellent","อาชีวะ","ต่างจังหวัด","B","B+",42,"hotel"
"17-21","C","B+","C+","medium","อาชีวะ","ต่างจังหวัด","B","A",45,"hotel"
"27-30","A","C","B+","medium","สามัญ","ต่างจังหวัด","A","A",47,"hotel"
"17-21","B","B+","C+","good","สามัญ","ต่างจังหวัด","B","A",59,"marketing"
"17-21","B+","C","C","good","สามัญ","ต่างจังหวัด","D+","D",62,"management"
"22-26","B+","C+","C+","medium","อาชีวะ","ต่างจังหวัด","D+","D",67,"computer"
"17-21","B+","D+","D+","good","อาชีวะ","ต่างจังหวัด","D","D",68,"hotel"
"22-26","C","C","C","excellent","สามัญ","ต่างจังหวัด","D+","B",70,"management"
"17-21","C+","D+","D","good","อาชีวะ","ต่างจังหวัด","D","D",72,"management"
"27-30","D+","D+","D","excellent","อาชีวะ","ต่างจังหวัด","B","C",73,"management"
"17-21","D","C","C","excellent","สามัญ","ต่างจังหวัด","D+","B",75,"hotel"
"22-26","D","B+","B+","good","สามัญ","ต่างจังหวัด","C","B+",76,"management"
"27-30","A","C","C","good","อาชีวะ","ต่างจังหวัด","D+","B",77,"computer"
"27-30","B","C","C","good","อาชีวะ","ต่างจังหวัด","D+","B",85,"hotel"
"22-26","A","B+","C+","excellent","อาชีวะ","ต่างจังหวัด","B","A",86,"marketing"
"17-21","D+","D+","B","good","อาชีวะ","ต่างจังหวัด","C","B+",87,"hotel"
"22-26","C","B","B+","good","สามัญ","ต่างจังหวัด","A","C+",94,"computer"
"22-26","C+","B","C+","good","สามัญ","ต่างจังหวัด","B","C",100,"computer"
"22-26","C","B+","B+","low","อาชีวะ","ต่างจังหวัด","A","A",105,"marketing"
"22-26","C+","C","D+","good","อาชีวะ","ต่างจังหวัด","B","B+",108,"hotel"
"22-26","C","C","B+","medium","อาชีวะ","ต่างจังหวัด","A","C+",113,"management"
"27-30","B+","D+","D+","good","สามัญ","ต่างจังหวัด","B","C",115,"computer"
"17-21","A","C","B+","good","อาชีวะ","ต่างจังหวัด","A","C+",123,"computer"
"27-30","B+","C","B","excellent","อาชีวะ","ต่างจังหวัด","C","B+",131,"hotel"
"27-30","B+","C+","C+","good","สามัญ","ต่างจังหวัด","B","B+",134,"hotel"
"17-21","C","B+","C+","good","สามัญ","ต่างจังหวัด","D+","D+",136,"computer"
"27-30","C","B","C+","low","สามัญ","ต่างจังหวัด","D+","D",138,"computer"
"27-30","B+","C","B","good","สามัญ","ต่างจังหวัด","B+","A",145,"computer"
"22-26","B","D","B","excellent","อาชีวะ","ต่างจังหวัด","B+","C",150,"computer"
"22-26","B","C+","C+","medium","อาชีวะ","ต่างจังหวัด","D+","D",152,"computer"
"27-30","C+","A","C+","medium","อาชีวะ","ต่างจังหวัด","B+","A",154,"hotel"
"17-21","C+","B","B+","good","อาชีวะ","ต่างจังหวัด","C","B+",158,"hotel"
"17-21","C+","C+","B+","medium","อาชีวะ","ต่างจังหวัด","C","C",159,"management"
"22-26","D+","C","B+","good","อาชีวะ","ต่างจังหวัด","C","C",168,"management"
"27-30","A","C+","C+","good","สามัญ","ต่างจังหวัด","B","C",169,"computer"
"27-30","A","B+","B+","good","สามัญ","ต่างจังหวัด","A","A",171,"marketing"
"22-26","C","B","B+","good","สามัญ","ต่างจังหวัด","C","B+",172,"hotel"
"17-21","C","B+","B+","medium","อาชีวะ","ต่างจังหวัด","A","C+",173,"computer"
"17-21","A","D+","B","good","อาชีวะ","ต่างจังหวัด","C","D+",176,"computer"
"22-26","B+","B+","C+","good","สามัญ","ต่างจังหวัด","C","B",180,"marketing"
"27-30","A","A","A","good","สามัญ","ต่างจังหวัด","A","C+",182,"computer"
"17-21","B","C+","B+","good","อาชีวะ","ต่างจังหวัด","C","C",183,"computer"
"22-26","B+","B+","C+","good","สามัญ","ต่างจังหวัด","B","C",184,"computer"
"17-21","C","B+","C+","medium","สามัญ","ต่างจังหวัด","D+","D+",195,"computer"
"17-21","D+","C","B+","excellent","อาชีวะ","ต่างจังหวัด","B+","C+",196,"management"
"27-30","B","D+","B","good","อาชีวะ","ต่างจังหวัด","B+","A",197,"hotel"
"27-30","C+","B","C+","good","สามัญ","ต่างจังหวัด","D+","D",206,"computer"
"27-30","B+","C","C","low","สามัญ","ต่างจังหวัด","B","B+",207,"hotel"
"22-26","B+","B","B+","good","สามัญ","ต่างจังหวัด","A","A",210,"marketing"
"17-21","D","C","B+","medium","สามัญ","ต่างจังหวัด","B+","C+",211,"management"
"27-30","A","C","B+","excellent","สามัญ","ต่างจังหวัด","C","C",215,"computer"
"17-21","D","C+","B+","low","สามัญ","ต่างจังหวัด","C","C",217,"management"
"22-26","C+","B+","B+","excellent","สามัญ","ต่างจังหวัด","A","C+",221,"computer"
"17-21","D","C","B+","good","อาชีวะ","ต่างจังหวัด","C","B+",225,"hotel"
"17-21","D+","C+","C+","low","อาชีวะ","ต่างจังหวัด","D+","D",226,"management"
"22-26","B+","B","B+","medium","สามัญ","ต่างจังหวัด","A","A",228,"marketing"
"27-30","C","B+","C+","good","สามัญ","ต่างจังหวัด","B","A",234,"hotel"
"22-26","A","C","B+","good","สามัญ","ต่างจังหวัด","C","C",237,"computer"
"22-26","C","A","B+","excellent","อาชีวะ","ต่างจังหวัด","C+","B+",238,"hotel"
"17-21","C","C+","C+","low","อาชีวะ","ต่างจังหวัด","B","B+",239,"hotel"
"17-21","C+","B","B+","medium","อาชีวะ","ต่างจังหวัด","A","C+",241,"computer"
"27-30","C","B","C+","good","สามัญ","ต่างจังหวัด","D+","D",242,"computer"
"22-26","C+","B","C+","good","อาชีวะ","ต่างจังหวัด","D+","B",244,"hotel"
"17-21","C+","C+","C+","medium","อาชีวะ","ต่างจังหวัด","D+","B",245,"hotel"
"17-21","C","C","C","excellent","สามัญ","ต่างจังหวัด","B","C",251,"management"
"22-26","D","B+","B+","excellent","อาชีวะ","ต่างจังหวัด","A","A",255,"hotel"
"27-30","B+","D+","D+","excellent","สามัญ","ต่างจังหวัด","B","B+",261,"hotel"
"17-21","B+","C","C","excellent","อาชีวะ","ต่างจังหวัด","D+","B",265,"hotel"
"17-21","A","B+","B+","excellent","อาชีวะ","ต่างจังหวัด","A","A",268,"marketing"
"22-26","B+","D+","D+","excellent","สามัญ","ต่างจังหวัด","B","C",269,"computer"
"22-26","D","C+","C+","good","อาชีวะ","ต่างจังหวัด","B","B+",274,"hotel"
"17-21","A","B","C+","good","สามัญ","ต่างจังหวัด","B","B+",277,"marketing"
"17-21","C","C+","B+","medium","อาชีวะ","ต่างจังหวัด","C","C",279,"computer"
"27-30","A","B+","C+","good","อาชีวะ","ต่างจังหวัด","B","C",281,"computer"
"22-26","C","B","B+","medium","สามัญ","ต่างจังหวัด","C","C",282,"computer"
"27-30","D","C","B+","good","อาชีวะ","ต่างจังหวัด","C","B+",284,"hotel"
"27-30","A","A","C+","medium","อาชีวะ","ต่างจังหวัด","B+","C",285,"computer"
"17-21","B+","B","B+","excellent","สามัญ","ต่างจังหวัด","A","C+",291,"computer"
"17-21","A","B","B+","medium","อาชีวะ","ต่างจังหวัด","C","C",294,"computer"
"22-26","B+","D+","D+","good","อาชีวะ","ต่างจังหวัด","D","B",297,"hotel"
"22-26","C","C+","B+","good","อาชีวะ","ต่างจังหวัด","C","B+",298,"hotel"
"27-30","A","C","B+","good","สามัญ","ต่างจังหวัด","A","A",299,"hotel"
"27-30","B","D+","B","low","สามัญ","ต่างจังหวัด","C","D+",301,"management"
"17-21","B","B+","C+","medium","สามัญ","ต่างจังหวัด","B","C",302,"computer"
"22-26","B+","B","C+","good","สามัญ","ต่างจังหวัด","D+","D",303,"computer"
"17-21","A","B+","B+","excellent","สามัญ","ต่างจังหวัด","C","B+",307,"marketing"
"17-21","C","C+","C+","excellent","อาชีวะ","ต่างจังหวัด","D+","D",308,"management"
"22-26","C+","B+","B+","excellent","สามัญ","ต่างจังหวัด","A","C+",311,"computer"
"27-30","B+","B+","B+","medium","สามัญ","ต่างจังหวัด","A","A",315,"marketing"
"17-21","C+","B+","C+","good","อาชีวะ","ต่างจังหวัด","B","C",319,"computer"
"17-21","C","C+","C+","good","สามัญ","ต่างจังหวัด","D+","D",324,"management"
"17-21","A","C","B+","excellent","อาชีวะ","ต่างจังหวัด","B+","A",327,"hotel"
"17-21","B+","B","B+","low","สามัญ","ต่างจังหวัด","C","B+",334,"hotel"
"17-21","A","C","B","good","อาชีวะ","ต่างจังหวัด","B+","A",338,"hotel"
"22-26","C+","C+","C+","low","อาชีวะ","ต่างจังหวัด","D+","D",339,"management"
"27-30","C","B","C+","good","สามัญ","ต่างจังหวัด","B","A",341,"hotel"
"27-30","A","D+","D+","excellent","สามัญ","ต่างจังหวัด","D","B",345,"hotel"
"17-21","C","A","C+","low","อาชีวะ","ต่างจังหวัด","C","B",346,"hotel"
"17-21","C","B+","B+","medium","อาชีวะ","ต่างจังหวัด","A","C+",347,"computer"
"17-21","C+","C","B+","good","อาชีวะ","ต่างจังหวัด","C","B+",352,"hotel"
"22-26","C+","C","C","good","สามัญ","ต่างจังหวัด","D+","B",353,"hotel"
"17-21","C+","C","B+","good","สามัญ","ต่างจังหวัด","B+","A",356,"hotel"
"27-30","A","C","B","medium","อาชีวะ","ต่างจังหวัด","B+","C+",358,"computer"
"22-26","C+","B+","B+","excellent","สามัญ","ต่างจังหวัด","A","A",363,"hotel"
"27-30","D+","B","C+","good","อาชีวะ","ต่างจังหวัด","D+","B",364,"hotel"
"22-26","B+","D+","B","good","อาชีวะ","ต่างจังหวัด","B+","A",366,"marketing"
"17-21","B+","D+","B","good","อาชีวะ","ต่างจังหวัด","C","D+",368,"computer"
"17-21","B+","C","B+","excellent","อาชีวะ","ต่างจังหวัด","C","C",371,"computer"
"27-30","C","B+","C+","excellent","สามัญ","ต่างจังหวัด","B","C",375,"computer"
"17-21","A","B+","B+","good","สามัญ","ต่างจังหวัด","C","C",380,"computer"
"17-21","D","C+","C+","excellent","อาชีวะ","ต่างจังหวัด","D+","D",382,"computer"
"27-30","A","C+","B+","good","สามัญ","ต่างจังหวัด","A","C+",384,"marketing"
"22-26","C","A","C+","good","อาชีวะ","ต่างจังหวัด","C","B+",385,"hotel"
"17-21","C+","A","B+","excellent","อาชีวะ","ต่างจังหวัด","A","C+",386,"computer"
"17-21","C+","D","D","medium","สามัญ","ต่างจังหวัด","D","B",391,"hotel"
"17-21","C","C+","B+","excellent","สามัญ","ต่างจังหวัด","C","C",394,"management"
"17-21","A","C","C+","good","อาชีวะ","ต่างจังหวัด","D+","B",397,"hotel"
"22-26","A","B+","B+","medium","สามัญ","ต่างจังหวัด","A","C+",404,"computer"
"27-30","B","B+","C+","good","อาชีวะ","ต่างจังหวัด","B","C",406,"computer"
"17-21","A","B+","C+","good","อาชีวะ","ต่างจังหวัด","D+","B",407,"marketing"
"22-26","C","B+","B+","excellent","สามัญ","ต่างจังหวัด","C","C",408,"management"
"17-21","A","C","B+","medium","สามัญ","ต่างจังหวัด","A","C+",411,"computer"
"17-21","C","C","B+","medium","อาชีวะ","ต่างจังหวัด","B+","C+",424,"management"
"17-21","C+","C","C","excellent","สามัญ","ต่างจังหวัด","D+","B",425,"hotel"
"17-21","D","D","D","good","สามัญ","ต่างจังหวัด","B","C",426,"management"
"17-21","C+","B+","C+","excellent","สามัญ","ต่างจังหวัด","B","A",428,"hotel"
"27-30","C+","B+","C+","excellent","สามัญ","ต่างจังหวัด","B","C",430,"hotel"
"22-26","B+","A","C+","good","สามัญ","ต่างจังหวัด","B+","C",431,"computer"
"17-21","A","B","C+","excellent","สามัญ","ต่างจังหวัด","B","C",432,"computer"
"22-26","B","D+","D+","good","สามัญ","ต่างจังหวัด","B","C",436,"management"
"17-21","B+","C","B+","good","สามัญ","ต่างจังหวัด","C","B+",439,"hotel"
"27-30","C+","B","C+","medium","อาชีวะ","ต่างจังหวัด","D+","B",441,"computer"
"27-30","B+","C+","B+","good","อาชีวะ","ต่างจังหวัด","A","A",442,"hotel"
"17-21","C+","C","B+","medium","สามัญ","ต่างจังหวัด","C","C",450,"management"
"27-30","C","B+","B+","excellent","อาชีวะ","ต่างจังหวัด","C","C",451,"computer"
"27-30","C","C","B+","excellent","อาชีวะ","ต่างจังหวัด","C","D+",452,"management"
"17-21","B+","C","B+","good","สามัญ","ต่างจังหวัด","B+","C+",454,"computer"
"17-21","C","D+","D+","good","อาชีวะ","ต่างจังหวัด","B","B+",460,"marketing"
"17-21","C+","D","B","good","สามัญ","ต่างจังหวัด","C","B+",465,"hotel"
"17-21","D","C+","B+","good","อาชีวะ","ต่างจังหวัด","A","C+",470,"management"
"17-21","C+","B+","B+","good","สามัญ","ต่างจังหวัด","A","C+",475,"computer"
"27-30","C+","B","B+","medium","อาชีวะ","ต่างจังหวัด","C","C",477,"computer"
"22-26","B+","C","C","good","อาชีวะ","ต่างจังหวัด","D+","D",478,"computer"
"22-26","C","B","C+","excellent","อาชีวะ","ต่างจังหวัด","D+","B",481,"hotel"
"17-21","C+","B","B+","medium","อาชีวะ","ต่างจังหวัด","A","A",484,"hotel"
"17-21","D+","C","B+","excellent","อาชีวะ","ต่างจังหวัด","C","D+",486,"management"
"27-30","C","B+","C+","good","สามัญ","ต่างจังหวัด","D+","B",491,"hotel"
"27-30","B+","B+","B+","excellent","สามัญ","ต่างจังหวัด","A","A",494,"marketing"
"22-26","B+","B+","C+","good","สามัญ","ต่างจังหวัด","C","B",497,"marketing"
"27-30","C","C+","B+","excellent","อาชีวะ","ต่างจังหวัด","A","C+",501,"management"
"27-30","A","D+","B","medium","สามัญ","ต่างจังหวัด","C","D+",505,"computer"
"27-30","C+","B+","C+","excellent","สามัญ","ต่างจังหวัด","B","A",512,"hotel"
"27-30","C+","B+","B+","good","สามัญ","ต่างจังหวัด","A","A",513,"hotel"
"27-30","A","B","C+","good","อาชีวะ","ต่างจังหวัด","D+","D",515,"management"
"17-21","A","D+","D+","excellent","สามัญ","ต่างจังหวัด","D","D",516,"computer"
"27-30","D","B+","B+","low","อาชีวะ","ต่างจังหวัด","C","C",519,"management"
"17-21","C+","D+","B","excellent","สามัญ","ต่างจังหวัด","B+","C",522,"management"
"17-21","B+","B+","B+","medium","สามัญ","ต่างจังหวัด","C","C",526,"computer"
"17-21","B+","A","A","good","สามัญ","ต่างจังหวัด","C+","C",532,"computer"
"22-26","D+","B+","C+","good","อาชีวะ","ต่างจังหวัด","D+","D+",533,"computer"
"22-26","C","B","C+","good","อาชีวะ","ต่างจังหวัด","D+","D",535,"computer"
"17-21","C","C","C","excellent","สามัญ","ต่างจังหวัด","B","B+",550,"computer"
"17-21","C","D+","B","medium","อาชีวะ","ต่างจังหวัด","C","D+",556,"management"
"27-30","C","B+","B+","good","สามัญ","ต่างจังหวัด","C","C",557,"computer"
"22-26","A","B+","B+","excellent","อาชีวะ","ต่างจังหวัด","C","C",559,"computer"
"22-26","C","B+","C+","good","สามัญ","ต่างจังหวัด","B","A",565,"hotel"
"17-21","C+","C+","C+","good","อาชีวะ","ต่างจังหวัด","B","C",574,"management"
"22-26","A","B+","C+","good","อาชีวะ","ต่างจังหวัด","B","C",583,"computer"
"17-21","B","D+","D+","good","อาชีวะ","ต่างจังหวัด","D","B",587,"hotel"
"17-21","B+","C","C","excellent","อาชีวะ","ต่างจังหวัด","D+","D",592,"computer"
"17-21","A","B+","B+","good","สามัญ","ต่างจังหวัด","A","A",595,"marketing"
"17-21","C+","C","B+","good","สามัญ","ต่างจังหวัด","A","A",600,"hotel"
"22-26","D+","C","C","good","สามัญ","ต่างจังหวัด","B","B+",601,"hotel"
"27-30","C","D","B","good","อาชีวะ","ต่างจังหวัด","B+","A",604,"hotel"
"17-21","B+","D+","D+","excellent","อาชีวะ","ต่างจังหวัด","D","B",607,"hotel"
"27-30","C","B","B+","excellent","อาชีวะ","ต่างจังหวัด","C","C",608,"computer"
"17-21","B+","B+","B+","low","อาชีวะ","ต่างจังหวัด","C","C",616,"computer"
"17-21","A","B","C+","good","สามัญ","ต่างจังหวัด","D+","D",624,"computer"
"22-26","B","C","B+","excellent","อาชีวะ","ต่างจังหวัด","B+","C+",625,"computer"
"17-21","B","B","B+","good","สามัญ","ต่างจังหวัด","A","A",629,"marketing"
"22-26","A","B+","C+","good","สามัญ","ต่างจังหวัด","B","A",633,"marketing"
"22-26","C","B+","B+","medium","สามัญ","ต่างจังหวัด","A","A",634,"hotel"
"17-21","C","B","C+","medium","สามัญ","ต่างจังหวัด","D+","D",635,"computer"
"17-21","B+","C","B+","good","อาชีวะ","ต่างจังหวัด","C","B+",636,"hotel"
"17-21","B+","A","C+","good","อาชีวะ","ต่างจังหวัด","C","B+",637,"marketing"
"27-30","C+","B","B+","good","สามัญ","ต่างจังหวัด","A","C+",639,"computer"
"22-26","B+","C","B+","excellent","สามัญ","ต่างจังหวัด","C","B+",640,"hotel"
"17-21","B+","B","C+","good","สามัญ","ต่างจังหวัด","D+","D",643,"computer"
"27-30","C+","B+","C+","medium","สามัญ","ต่างจังหวัด","D+","B",647,"hotel"
"17-21","B+","C","C+","good","สามัญ","ต่างจังหวัด","B","C",648,"computer"
"27-30","A","B+","B+","good","อาชีวะ","ต่างจังหวัด","C","C",651,"computer"
"22-26","A","B+","B+","good","อาชีวะ","ต่างจังหวัด","A","C+",655,"management"
"17-21","D","B","C+","medium","อาชีวะ","ต่างจังหวัด","B","B+",660,"hotel"
"27-30","A","B+","C+","good","อาชีวะ","ต่างจังหวัด","B","A",663,"marketing"
"27-30","A","B+","C+","good","อาชีวะ","ต่างจังหวัด","B+","A",670,"marketing"
"27-30","D+","B+","B+","good","อาชีวะ","ต่างจังหวัด","C","B+",676,"hotel"
"17-21","A","D+","D+","good","อาชีวะ","ต่างจังหวัด","B","B+",677,"management"
"22-26","B","C+","C+","good","สามัญ","ต่างจังหวัด","D+","B",680,"hotel"
"17-21","C","B+","B+","good","สามัญ","ต่างจังหวัด","C","B+",682,"hotel"
"27-30","C","B","C+","good","สามัญ","ต่างจังหวัด","D+","D",688,"computer"
"17-21","C+","D+","B","good","สามัญ","ต่างจังหวัด","C","B+",689,"hotel"
"22-26","B+","C+","C+","good","สามัญ","ต่างจังหวัด","B","B+",693,"hotel"
"27-30","A","C","B+","excellent","สามัญ","ต่างจังหวัด","C","C",694,"computer"
"17-21","C","B+","B+","excellent","อาชีวะ","ต่างจังหวัด","A","A",696,"hotel"
"17-21","D+","D+","B","good","อาชีวะ","ต่างจังหวัด","C","B+",697,"hotel"
"17-21","A","D+","D","excellent","สามัญ","ต่างจังหวัด","D","B",700,"hotel"
"27-30","C","D+","D+","good","สามัญ","ต่างจังหวัด","B","C",701,"hotel"
"17-21","B+","D+","B","low","สามัญ","ต่างจังหวัด","B+","C",704,"hotel"
"17-21","B","B+","B+","good","อาชีวะ","ต่างจังหวัด","A","A",705,"marketing"
"27-30","B","A","C+","excellent","สามัญ","ต่างจังหวัด","C","B+",709,"management"
"22-26","C","B+","C+","good","อาชีวะ","ต่างจังหวัด","D+","D+",711,"management"
"22-26","B+","C+","B+","good","อาชีวะ","ต่างจังหวัด","C","B+",717,"hotel"
"27-30","C+","C+","B+","excellent","อาชีวะ","ต่างจังหวัด","C","B+",718,"hotel"
"22-26","B+","C+","B+","good","อาชีวะ","ต่างจังหวัด","A","C+",722,"computer"
"17-21","A","B+","B+","good","สามัญ","ต่างจังหวัด","C","B+",727,"marketing"
"17-21","C+","B+","C+","good","สามัญ","ต่างจังหวัด","B","A",728,"hotel"
"17-21","C+","A","C+","excellent","สามัญ","ต่างจังหวัด","C","D+",731,"computer"
"27-30","B+","B+","B+","good","สามัญ","ต่างจังหวัด","A","A",735,"hotel"
"17-21","A","C","C","excellent","สามัญ","ต่างจังหวัด","D+","D",737,"computer"
"27-30","C","C","C","excellent","อาชีวะ","ต่างจังหวัด","D+","D",738,"computer"
"22-26","C+","C","B","medium","สามัญ","ต่างจังหวัด","C","D+",745,"management"
"27-30","C+","D+","B","good","อาชีวะ","ต่างจังหวัด","C","B+",746,"hotel"
"17-21","C","C","B+","good","สามัญ","ต่างจังหวัด","A","A",747,"hotel"
"27-30","B+","B+","B+","good","อาชีวะ","ต่างจังหวัด","A","A",752,"hotel"
"22-26","A","B+","C+","good","สามัญ","ต่างจังหวัด","B","A",760,"computer"
"27-30","A","B","C+","excellent","สามัญ","ต่างจังหวัด","B","B+",761,"marketing"
"27-30","C+","C","D+","good","สามัญ","ต่างจังหวัด","B","B+",764,"computer"
"17-21","C","A","B+","excellent","สามัญ","ต่างจังหวัด","A","A",765,"marketing"
"22-26","D","C","C","excellent","สามัญ","ต่างจังหวัด","B","C",768,"computer"
"17-21","C","D+","D","low","อาชีวะ","ต่างจังหวัด","B","B+",776,"hotel"
"22-26","C","D+","B","excellent","อาชีวะ","ต่างจังหวัด","C","B+",777,"hotel"
"27-30","C+","D+","B","medium","อาชีวะ","ต่างจังหวัด","C","B+",780,"hotel"
"27-30","B+","A","C+","medium","อาชีวะ","ต่างจังหวัด","B+","A",781,"marketing"
"17-21","A","D+","D","medium","อาชีวะ","ต่างจังหวัด","D","B",786,"hotel"
"17-21","A","B","C+","good","สามัญ","ต่างจังหวัด","D+","B",791,"marketing"
"17-21","B+","A","C+","excellent","สามัญ","ต่างจังหวัด","C","B+",795,"marketing"
"17-21","D","B+","B+","good","สามัญ","ต่างจังหวัด","A","C+",798,"computer"
"27-30","B+","C+","B+","excellent","สามัญ","ต่างจังหวัด","A","C+",803,"computer"
"17-21","C","C","B","good","อาชีวะ","ต่างจังหวัด","C","B+",808,"hotel"
"27-30","B+","B+","B+","medium","สามัญ","ต่างจังหวัด","C","B+",809,"marketing"
"27-30","B+","B","B+","good","สามัญ","ต่างจังหวัด","A","C+",816,"marketing"
"17-21","B","B","C+","good","สามัญ","ต่างจังหวัด","B","A",819,"marketing"
"27-30","D+","D+","B","good","อาชีวะ","ต่างจังหวัด","C","B+",820,"hotel"
"27-30","C","C","C","low","สามัญ","ต่างจังหวัด","D+","D",822,"management"
"17-21","C","C","B+","excellent","สามัญ","ต่างจังหวัด","A","C+",829,"management"
"17-21","B+","B","B+","medium","สามัญ","ต่างจังหวัด","C","C",831,"computer"
"17-21","C+","D+","B","excellent","สามัญ","ต่างจังหวัด","C","D+",833,"management"
"17-21","C+","B","C+","good","สามัญ","ต่างจังหวัด","D+","D",834,"computer"
"17-21","C","C","B","good","อาชีวะ","ต่างจังหวัด","C","B+",840,"hotel"
"27-30","C+","A","B+","good","สามัญ","ต่างจังหวัด","A","A",841,"hotel"
"22-26","A","C","C","good","สามัญ","ต่างจังหวัด","D+","B",846,"hotel"
"27-30","C+","D+","D+","excellent","สามัญ","ต่างจังหวัด","D","D",847,"management"
"17-21","D+","B+","B+","medium","สามัญ","ต่างจังหวัด","A","C+",852,"computer"
"17-21","C+","D+","D+","excellent","สามัญ","ต่างจังหวัด","D","D",856,"management"
"17-21","C+","D+","D+","excellent","อาชีวะ","ต่างจังหวัด","D","D",858,"marketing"
"22-26","A","A","C+","good","สามัญ","ต่างจังหวัด","B+","A",860,"computer"
"17-21","C","D+","D+","good","สามัญ","ต่างจังหวัด","D","B",861,"marketing"
"27-30","C","D+","D+","good","อาชีวะ","ต่างจังหวัด","B","C",862,"management"
"17-21","B+","B+","C+","good","สามัญ","ต่างจังหวัด","D+","B",866,"marketing"
"22-26","C","C","D+","excellent","สามัญ","ต่างจังหวัด","D","B",869,"hotel"
"22-26","C","D+","B","good","สามัญ","ต่างจังหวัด","C","B+",874,"hotel"
"17-21","B+","B+","B+","excellent","อาชีวะ","ต่างจังหวัด","C","B+",875,"marketing"
"27-30","A","D+","D+","good","อาชีวะ","ต่างจังหวัด","B","C",877,"computer"
"27-30","C+","B+","C+","excellent","สามัญ","ต่างจังหวัด","D+","B",881,"hotel"
"22-26","B+","B","C+","good","อาชีวะ","ต่างจังหวัด","D+","B",882,"marketing"
"17-21","B+","B","B+","good","อาชีวะ","ต่างจังหวัด","C","C",884,"computer"
"27-30","C","C","B","good","อาชีวะ","ต่างจังหวัด","B+","A",886,"hotel"
"17-21","A","C","B+","good","สามัญ","ต่างจังหวัด","C","B+",887,"hotel"
"22-26","C","B+","C+","excellent","สามัญ","ต่างจังหวัด","B","C",888,"hotel"
"27-30","B+","C","B+","low","สามัญ","ต่างจังหวัด","B+","C+",889,"computer"
"17-21","C+","C","C","medium","อาชีวะ","ต่างจังหวัด","D+","B",893,"management"
"27-30","C","A","B+","excellent","สามัญ","ต่างจังหวัด","A","A",897,"hotel"
"27-30","C","C","D+","excellent","อาชีวะ","ต่างจังหวัด","B","C",903,"management"
"27-30","A","C","B+","excellent","อาชีวะ","ต่างจังหวัด","A","C+",904,"computer"
"17-21","A","B","B+","low","อาชีวะ","ต่างจังหวัด","A","A",905,"marketing"
"27-30","C","D+","B","good","สามัญ","ต่างจังหวัด","C","D+",906,"management"
"22-26","A","C","B+","excellent","สามัญ","ต่างจังหวัด","B+","C+",913,"computer"
"27-30","C+","D+","B","good","สามัญ","ต่างจังหวัด","B+","C",914,"management"
"17-21","A","C","B+","good","สามัญ","ต่างจังหวัด","B+","A",927,"marketing"
"17-21","A","C+","C+","excellent","อาชีวะ","ต่างจังหวัด","D+","B",929,"management"
"27-30","B+","D","D","excellent","สามัญ","ต่างจังหวัด","D","B",934,"hotel"
"22-26","D+","C","C","good","สามัญ","ต่างจังหวัด","B","B+",939,"hotel"
"17-21","B","C","C","low","สามัญ","ต่างจังหวัด","D+","D",943,"computer"
"27-30","D+","B+","B+","good","อาชีวะ","ต่างจังหวัด","C","B+",947,"computer"
"22-26","D","A","B+","good","อาชีวะ","ต่างจังหวัด","C+","B+",956,"hotel"
"27-30","C+","C","D+","excellent","อาชีวะ","ต่างจังหวัด","D","D",957,"management"
"17-21","C","B+","B+","excellent","สามัญ","ต่างจังหวัด","C","B+",959,"hotel"
"17-21","D+","B","B+","excellent","อาชีวะ","ต่างจังหวัด","C","B+",960,"hotel"
"27-30","B+","C","C+","excellent","สามัญ","ต่างจังหวัด","B","B+",962,"management"
"22-26","D+","B+","B+","medium","สามัญ","ต่างจังหวัด","A","A",963,"hotel"
"27-30","A","C","B+","medium","สามัญ","ต่างจังหวัด","B+","A",965,"hotel"
"22-26","B+","C","B+","excellent","สามัญ","ต่างจังหวัด","A","C+",969,"computer"
"22-26","B+","B","B+","good","อาชีวะ","ต่างจังหวัด","C","C",971,"hotel"
"17-21","C","B+","B+","medium","สามัญ","ต่างจังหวัด","C","B+",972,"hotel"
"27-30","C+","B+","B+","excellent","สามัญ","ต่างจังหวัด","A","C+",973,"computer"
"27-30","D+","B","B+","medium","สามัญ","ต่างจังหวัด","A","A",974,"hotel"
"27-30","A","B+","C+","good","อาชีวะ","ต่างจังหวัด","D+","D+",978,"computer"
"27-30","C+","B+","B+","excellent","สามัญ","ต่างจังหวัด","C","C",979,"computer"
"22-26","B+","B+","C+","medium","สามัญ","ต่างจังหวัด","D+","B",980,"marketing"
"22-26","C","B","B+","good","สามัญ","ต่างจังหวัด","A","C+",981,"hotel"
"27-30","C+","B+","B+","good","อาชีวะ","ต่างจังหวัด","C","B+",982,"hotel"
"27-30","B+","C","C","good","สามัญ","ต่างจังหวัด","D+","D",987,"hotel"
"17-21","B+","C","C","medium","อาชีวะ","ต่างจังหวัด","B","B+",993,"hotel"
"27-30","C","D+","D","excellent","สามัญ","ต่างจังหวัด","B","B+",994,"hotel"
"17-21","C","B","C+","excellent","อาชีวะ","ต่างจังหวัด","B","B+",996,"hotel"
"22-26","B+","C","C","excellent","อาชีวะ","ต่างจังหวัด","B","C",1000,"computer"
